INSERT INTO `location_continent` (`id`, `name`) VALUES
(1, 'Africa'),
(2, 'Antarctica'),
(3, 'Asia'),
(4, 'Australia/Oceania'),
(5, 'Caribbean'),
(6, 'Central America'),
(7, 'Europe'),
(8, 'Islands'),
(9, 'Middle East'),
(10, 'North America'),
(11, 'South America');

INSERT INTO `location_countries` (`id`, `continent_id`, `name`) VALUES
(1, 1, 'Algeria'),
(2, 1, 'Angola'),
(3, 1, 'Benin'),
(4, 1, 'Botswana'),
(5, 1, 'Burkina Faso'),
(6, 1, 'Burundi'),
(7, 1, 'Cameroon'),
(8, 1, 'Cape Verde'),
(9, 1, 'Central African Republic'),
(10, 1, 'Chad'),
(11, 1, 'Comoros'),
(12, 1, 'Congo, Dem.'),
(13, 1, 'Congo, Rep.'),
(14, 1, 'Djibouti'),
(15, 1, 'Egypt'),
(16, 1, 'Equatorial Guinea'),
(17, 1, 'Eritrea'),
(18, 1, 'Ethiopia'),
(19, 1, 'Gabon'),
(20, 1, 'Gambia'),
(21, 1, 'Ghana'),
(22, 1, 'Guinea'),
(23, 1, 'Guinea-Bissau'),
(24, 1, 'Kenya'),
(25, 1, 'Lesotho'),
(26, 1, 'Liberia'),
(27, 1, 'Libya'),
(28, 1, 'Madagascar'),
(29, 1, 'Malawi'),
(30, 1, 'Mali'),
(31, 1, 'Mauritania'),
(32, 1, 'Mauritius'),
(33, 1, 'Morocco'),
(34, 1, 'Mozambique'),
(35, 1, 'Namibia'),
(36, 1, 'Niger'),
(37, 1, 'Nigeria'),
(38, 1, 'Rwanda'),
(39, 1, 'Sao Tome/Principe'),
(40, 1, 'Senegal'),
(41, 1, 'Seychelles'),
(42, 1, 'Sierra Leone'),
(43, 1, 'Somalia'),
(44, 1, 'South Africa'),
(45, 1, 'Sudan'),
(46, 1, 'Swaziland'),
(47, 1, 'Tanzania'),
(48, 1, 'Togo'),
(49, 1, 'Tunisia'),
(50, 1, 'Uganda'),
(51, 1, 'Zambia'),
(52, 1, 'Zimbabwe'),
(53, 2, 'Amundsen-Scott'),
(54, 3, 'Bangladesh'),
(55, 3, 'Bhutan'),
(56, 3, 'Brunei'),
(57, 3, 'Burma (Myanmar)'),
(58, 3, 'Cambodia'),
(59, 3, 'China'),
(60, 3, 'East Timor'),
(61, 3, 'India'),
(62, 3, 'Indonesia'),
(63, 3, 'Japan'),
(64, 3, 'Kazakhstan'),
(65, 3, 'Korea (north)'),
(66, 3, 'Korea (south)'),
(67, 3, 'Laos'),
(68, 3, 'Malaysia'),
(69, 3, 'Maldives'),
(70, 3, 'Mongolia'),
(71, 3, 'Nepal'),
(72, 3, 'Philippines'),
(73, 3, 'Russian Federation'),
(74, 3, 'Singapore'),
(75, 3, 'Sri Lanka'),
(76, 3, 'Taiwan'),
(77, 3, 'Thailand'),
(78, 3, 'Vietnam'),
(79, 4, 'Australia'),
(80, 4, 'Fiji'),
(81, 4, 'Kiribati'),
(82, 4, 'Micronesia'),
(83, 4, 'Nauru'),
(84, 4, 'New Zealand'),
(85, 4, 'Palau'),
(86, 4, 'Papua New Guinea'),
(87, 4, 'Samoa'),
(88, 4, 'Tonga'),
(89, 4, 'Tuvalu'),
(90, 4, 'Vanuatu'),
(91, 5, 'Anguilla'),
(92, 5, 'Antigua/Barbuda'),
(93, 5, 'Aruba'),
(94, 5, 'Bahamas'),
(95, 5, 'Barbados'),
(96, 5, 'Cozumel'),
(97, 5, 'Cuba'),
(98, 5, 'Dominica'),
(99, 5, 'Dominican Republic'),
(100, 5, 'Grenada'),
(101, 5, 'Guadeloupe'),
(102, 5, 'Haiti'),
(103, 5, 'Jamaica'),
(104, 5, 'Martinique'),
(105, 5, 'Montserrat'),
(106, 5, 'Netherlands Antilles'),
(107, 5, 'Puerto Rico'),
(108, 5, 'St. Barts'),
(109, 5, 'St. Kitts/Nevis'),
(110, 5, 'St. Lucia'),
(111, 5, 'St. Martin/Sint Maarten'),
(112, 5, 'St Vincent/Grenadines'),
(113, 5, 'San Andres'),
(114, 5, 'Trinidad/Tobago'),
(115, 5, 'Turks/Caicos'),
(116, 6, 'Belize'),
(117, 6, 'Costa Rica'),
(118, 6, 'El Salvador'),
(119, 6, 'Guatemala'),
(120, 6, 'Honduras'),
(121, 6, 'Nicaragua'),
(122, 6, 'Panama'),
(123, 7, 'Albania'),
(124, 7, 'Andorra'),
(125, 7, 'Austria'),
(126, 7, 'Belarus'),
(127, 7, 'Belgium'),
(128, 7, 'Bosnia-Herzegovina'),
(129, 7, 'Bulgaria'),
(130, 7, 'Croatia'),
(131, 7, 'Czech Republic'),
(132, 7, 'Denmark'),
(133, 7, 'Estonia'),
(134, 7, 'Finland'),
(135, 7, 'France'),
(136, 7, 'Georgia'),
(137, 7, 'Germany'),
(138, 7, 'Greece'),
(139, 7, 'Hungary'),
(140, 7, 'Iceland'),
(141, 7, 'Ireland'),
(142, 7, 'Italy'),
(143, 7, 'Latvia'),
(144, 7, 'Liechtenstein'),
(145, 7, 'Lithuania'),
(146, 7, 'Luxembourg'),
(147, 7, 'Macedonia'),
(148, 7, 'Malta'),
(149, 7, 'Moldova'),
(150, 7, 'Monaco'),
(151, 7, 'Netherlands'),
(152, 7, 'Norway'),
(153, 7, 'Poland'),
(154, 7, 'Portugal'),
(155, 7, 'Romania'),
(156, 7, 'San Marino'),
(157, 7, 'Serbia/Montenegro (Yugoslavia)'),
(158, 7, 'Slovakia'),
(159, 7, 'Slovenia'),
(160, 7, 'Spain'),
(161, 7, 'Sweden'),
(162, 7, 'Switzerland'),
(163, 7, 'Ukraine'),
(164, 7, 'United Kingdom'),
(165, 7, 'Vatican City'),
(166, 8, 'Arctic Ocean'),
(167, 8, 'Atlantic Ocean (North)'),
(168, 8, 'Atlantic Ocean (South)'),
(169, 8, 'Assorted'),
(170, 8, 'Caribbean Sea'),
(171, 8, 'Greek Isles'),
(172, 8, 'Indian Ocean'),
(173, 8, 'Mediterranean Sea'),
(174, 8, 'Oceania'),
(175, 8, 'Pacific Ocean (North)'),
(176, 8, 'Pacific Ocean (South)'),
(177, 9, 'Afghanistan'),
(178, 9, 'Armenia'),
(179, 9, 'Azerbaijan'),
(180, 9, 'Bahrain'),
(181, 9, 'Cyprus'),
(182, 9, 'Iran'),
(183, 9, 'Iraq'),
(184, 9, 'Israel'),
(185, 9, 'Jordan'),
(186, 9, 'Kuwait'),
(187, 9, 'Kyrgyzstan'),
(188, 9, 'Lebanon'),
(189, 9, 'Oman'),
(190, 9, 'Pakistan'),
(191, 9, 'Qatar'),
(192, 9, 'Saudi Arabia'),
(193, 9, 'Syria'),
(194, 9, 'Tajikistan'),
(195, 9, 'Turkey'),
(196, 9, 'Turkmenistan'),
(197, 9, 'United Arab Emirates'),
(198, 9, 'Uzbekistan'),
(199, 9, 'Yemen'),
(200, 10, 'Bermuda'),
(201, 10, 'Canada'),
(202, 10, 'Greenland'),
(203, 10, 'Mexico'),
(204, 10, 'United States'),
(205, 11, 'Argentina'),
(206, 11, 'Bolivia'),
(207, 11, 'Brazil'),
(208, 11, 'Chile'),
(209, 11, 'Colombia'),
(210, 11, 'Ecuador'),
(211, 11, 'Guyana'),
(212, 11, 'Paraguay'),
(213, 11, 'Peru'),
(214, 11, 'Suriname'),
(215, 11, 'Uruguay'),
(216, 11, 'Venezuela');

INSERT INTO `location_province` (`id`, `country_id`, `name`) VALUES
(1, 1, ''),
(2, 1, 'Algiers'),
(3, 1, ''),
(4, 1, 'Adrar'),
(5, 1, 'Ain Defla'),
(6, 1, 'Ain Temouchent'),
(7, 1, 'Alger'),
(8, 1, 'Annaba'),
(9, 1, 'Batna'),
(10, 1, 'Bechar'),
(11, 1, 'Bejaia'),
(12, 1, 'Biskra'),
(13, 1, 'Blida'),
(14, 1, 'Bordj Bou Arreridj'),
(15, 1, 'Bouira'),
(16, 1, 'Boumerdes'),
(17, 1, 'Chlef'),
(18, 1, 'Constantine'),
(19, 1, 'Djelfa'),
(20, 1, 'El Bayadh'),
(21, 1, 'El Oued'),
(22, 1, 'El Tarf'),
(23, 1, 'Ghardaia'),
(24, 1, 'Guelma'),
(25, 1, 'Illizi'),
(26, 1, 'Jijel'),
(27, 1, 'Khenchela'),
(28, 1, 'Laghouat'),
(29, 1, 'Mascara'),
(30, 1, 'Medea'),
(31, 1, 'Mila'),
(32, 1, 'Mostaganem'),
(33, 1, 'Naama'),
(34, 1, 'Oran'),
(35, 1, 'Ouargla'),
(36, 1, 'Oum el Bouaghi'),
(37, 1, 'Relizane'),
(38, 1, 'Saida'),
(39, 1, 'Setif'),
(40, 1, 'Sidi Bel Abbes'),
(41, 1, 'Skikda'),
(42, 1, 'Souk Ahras'),
(43, 1, 'Tamanghasset'),
(44, 1, 'Tebessa'),
(45, 1, 'Tiaret'),
(46, 1, 'Tindouf'),
(47, 1, 'Tipaza'),
(48, 1, 'Tissemsilt'),
(49, 1, 'Tizi Ouzou'),
(50, 1, 'Tlemcen'),
(51, 2, ''),
(52, 2, 'Luanda'),
(53, 2, ''),
(54, 2, 'Bengo'),
(55, 2, 'Benguela'),
(56, 2, 'Bie'),
(57, 2, 'Cabinda'),
(58, 2, 'Cuando Cubango'),
(59, 2, 'Cuanza Norte'),
(60, 2, 'Cuanza Sul'),
(61, 2, 'Cunene'),
(62, 2, 'Huambo'),
(63, 2, 'Huila'),
(64, 2, 'Lunda Norte'),
(65, 2, 'Lunda Sul'),
(66, 2, 'Malanje'),
(67, 2, 'Moxico'),
(68, 2, 'Namibe'),
(69, 2, 'Uige'),
(70, 2, 'Zaire'),
(71, 3, ''),
(72, 3, 'Porto-Novo'),
(73, 3, ''),
(74, 3, 'Alibori'),
(75, 3, 'Atakora'),
(76, 3, 'Atlantique'),
(77, 3, 'Borgou'),
(78, 3, 'Collines'),
(79, 3, 'Couffo'),
(80, 3, 'Donga'),
(81, 3, 'Littoral'),
(82, 3, 'Mono'),
(83, 3, 'Oueme'),
(84, 3, 'Plateau'),
(85, 3, 'Zou'),
(86, 4, ''),
(87, 4, 'Gaborone'),
(88, 4, ''),
(89, 4, 'Central'),
(90, 4, 'Chobe'),
(91, 4, 'Francistown'),
(92, 4, 'Ghanzi'),
(93, 4, 'Kgalagadi'),
(94, 4, 'Kgatleng'),
(95, 4, 'Kweneng'),
(96, 4, 'Lobatse'),
(97, 4, 'Ngamiland'),
(98, 4, 'North-East'),
(99, 4, 'Selebi-Pikwe'),
(100, 4, 'South-East'),
(101, 4, 'Southern'),
(102, 5, ''),
(103, 5, 'Ouagadougou'),
(104, 5, ''),
(105, 5, 'Bale'),
(106, 5, 'Bam'),
(107, 5, 'Banwa'),
(108, 5, 'Bazega'),
(109, 5, 'Bougouriba'),
(110, 5, 'Boulgou'),
(111, 5, 'Boulkiemde'),
(112, 5, 'Comoe'),
(113, 5, 'Ganzourgou'),
(114, 5, 'Gnagna'),
(115, 5, 'Gourma'),
(116, 5, 'Houet'),
(117, 5, 'Ioba'),
(118, 5, 'Kadiogo'),
(119, 5, 'Kenedougou'),
(120, 5, 'Komandjari'),
(121, 5, 'Kompienga'),
(122, 5, 'Kossi'),
(123, 5, 'Koupelogo'),
(124, 5, 'Kouritenga'),
(125, 5, 'Kourweogo'),
(126, 5, 'Leraba'),
(127, 5, 'Loroum'),
(128, 5, 'Mouhoun'),
(129, 5, 'Nahouri'),
(130, 5, 'Namentenga'),
(131, 5, 'Nayala'),
(132, 5, 'Naumbiel'),
(133, 5, 'Oubritenga'),
(134, 5, 'Oudalan'),
(135, 5, 'Passore'),
(136, 5, 'Poni'),
(137, 5, 'Samentenga'),
(138, 5, 'Sanguie'),
(139, 5, 'Seno'),
(140, 5, 'Sissili'),
(141, 5, 'Soum'),
(142, 5, 'Sourou'),
(143, 5, 'Tapoa'),
(144, 5, 'Tuy'),
(145, 5, 'Yagha'),
(146, 5, 'Yatenga'),
(147, 5, 'Ziro'),
(148, 5, 'Zondomo'),
(149, 5, 'Zoundweogo'),
(150, 6, ''),
(151, 6, 'Bujumbura'),
(152, 6, ''),
(153, 6, 'Bubanza'),
(154, 6, 'Bujumbura'),
(155, 6, 'Bururi'),
(156, 6, 'Cankuzo'),
(157, 6, 'Cibitoke'),
(158, 6, 'Gitega'),
(159, 6, 'Karuzi'),
(160, 6, 'Kayanza'),
(161, 6, 'Kirundo'),
(162, 6, 'Makamba'),
(163, 6, 'Muramvya'),
(164, 6, 'Muyinga'),
(165, 6, 'Mwaro'),
(166, 6, 'Ngozi'),
(167, 6, 'Rutana'),
(168, 6, 'Ruyigi'),
(169, 7, ''),
(170, 7, 'Yaounde'),
(171, 7, ''),
(172, 7, 'Adamaoua'),
(173, 7, 'Centre'),
(174, 7, 'Est'),
(175, 7, 'Extreme-Nord'),
(176, 7, 'Littoral'),
(177, 7, 'Nord'),
(178, 7, 'Nord-Ouest'),
(179, 7, 'Ouest'),
(180, 7, 'Sud'),
(181, 7, 'Sud-Ouest'),
(182, 8, ''),
(183, 8, 'Praia'),
(184, 8, ''),
(185, 8, 'Boa Vista'),
(186, 8, 'Brava'),
(187, 8, 'Calheta'),
(188, 8, 'Maio'),
(189, 8, 'Mosteiros'),
(190, 8, 'Paul'),
(191, 8, 'Porto Novo'),
(192, 8, 'Ribeira Grande'),
(193, 8, 'Sal'),
(194, 8, 'Santa Catarina'),
(195, 8, 'Santa Cruz'),
(196, 8, 'Sao Domingos'),
(197, 8, 'Sao Nicolau'),
(198, 8, 'Sao Filipe'),
(199, 8, 'Sao Vicente'),
(200, 8, 'Tarrafal'),
(201, 9, ''),
(202, 9, 'Bangui'),
(203, 9, ''),
(204, 9, 'Bamingui-Bangoran'),
(205, 9, 'Basse-Kotto'),
(206, 9, 'Gribingui'),
(207, 9, 'Haute-Kotto'),
(208, 9, 'Haute-Sangha'),
(209, 9, 'Haut-Mbomou'),
(210, 9, 'Kemo-Gribingui'),
(211, 9, 'Lobaye'),
(212, 9, 'Mbomou'),
(213, 9, 'Nana-Mambere'),
(214, 9, 'Ombella-Mpoko'),
(215, 9, 'Ouaka'),
(216, 9, 'Ouham'),
(217, 9, 'Ouham-Pende'),
(218, 9, 'Sangha'),
(219, 9, 'Vakaga'),
(220, 10, ''),
(221, 10, ''),
(222, 10, 'Assongha'),
(223, 10, 'Baguirmi'),
(224, 10, 'Bahr El Gazal'),
(225, 10, 'Bahr Koh'),
(226, 10, 'Batha Oriental'),
(227, 10, 'Batha Occidental'),
(228, 10, 'Biltine'),
(229, 10, 'Borkou'),
(230, 10, 'Dababa'),
(231, 10, 'Ennedi'),
(232, 10, 'Guera'),
(233, 10, 'Hadjer Lamis'),
(234, 10, 'Kabia'),
(235, 10, 'Kanem'),
(236, 10, 'Lac'),
(237, 10, 'Lac Iro'),
(238, 10, 'Logone Occidental'),
(239, 10, 'Logone Oriental'),
(240, 10, 'Mandoul'),
(241, 10, 'Mayo-Boneye'),
(242, 10, 'Mayo-Dallah'),
(243, 10, 'Monts de Lam'),
(244, 10, 'Ouaddai'),
(245, 10, 'Salamat'),
(246, 10, 'Sila'),
(247, 10, 'Tandjile Oriental'),
(248, 10, 'Tandjile Occidental'),
(249, 10, 'Tibesti'),
(250, 12, ''),
(251, 12, 'Kinshasa'),
(252, 12, ''),
(253, 12, 'Bandundu'),
(254, 12, 'Bas-Congo'),
(255, 12, 'Equateur'),
(256, 12, 'Kasai-Occidental'),
(257, 12, 'Kasai-Oriental'),
(258, 12, 'Katanga'),
(259, 12, 'Maniema'),
(260, 12, 'Nord-Kivu'),
(261, 12, 'Orientale'),
(262, 12, 'Sud-Kivu'),
(263, 13, ''),
(264, 13, 'Brazzaville'),
(265, 13, ''),
(266, 13, 'Bouenza'),
(267, 13, 'Cuvette'),
(268, 13, 'Kouilou'),
(269, 13, 'Lekoumou'),
(270, 13, 'Likouala'),
(271, 13, 'Niari'),
(272, 13, 'Plateaux'),
(273, 13, 'Pool'),
(274, 13, 'Sangha'),
(275, 14, ''),
(276, 14, 'Djibouti'),
(277, 14, ''),
(278, 14, 'Dikhil'),
(279, 14, 'Obock'),
(280, 14, 'Tadjoura'),
(281, 15, ''),
(282, 15, 'Cairo'),
(283, 15, ''),
(284, 15, 'Ad Daqahliyah'),
(285, 15, 'Al Bahr al Ahmar'),
(286, 15, 'Al Buhayrah'),
(287, 15, 'Al Fayyum'),
(288, 15, 'Al Gharbiyah'),
(289, 15, 'Al Iskandariyah'),
(290, 15, 'Al Jizah'),
(291, 15, 'Al Minufiyah'),
(292, 15, 'Al Minya'),
(293, 15, 'Al Qahirah'),
(294, 15, 'Al Qalyubiyah'),
(295, 15, 'Al Wadi al Jadid'),
(296, 15, 'Ash Sharqiyah'),
(297, 15, 'As Suways'),
(298, 15, 'Aswan'),
(299, 15, 'Asyut'),
(300, 15, 'Bani Suwayf'),
(301, 15, 'Dumyat'),
(302, 15, 'Kafr ash Shaykh'),
(303, 15, 'Matruh'),
(304, 15, 'Qina'),
(305, 15, 'Suhaj'),
(306, 16, ''),
(307, 16, 'Malabo'),
(308, 16, ''),
(309, 16, 'Annobon'),
(310, 16, 'Bioko Norte'),
(311, 16, 'Bioko Sur'),
(312, 16, 'Centro Sur'),
(313, 16, 'Kie-Ntem'),
(314, 16, 'Litoral'),
(315, 16, 'Wele-Nzas'),
(316, 17, ''),
(317, 17, 'Asmara'),
(318, 17, ''),
(319, 17, 'Central'),
(320, 17, 'Anelba'),
(321, 17, 'Southern Red Sea'),
(322, 17, 'Northern Red Sea'),
(323, 17, 'Southern'),
(324, 17, 'Gash-Barka'),
(325, 18, ''),
(326, 18, 'Addis Ababa'),
(327, 18, ''),
(328, 18, 'Adis Abeba (Addis Ababa)'),
(329, 18, 'Afar'),
(330, 18, 'Amara'),
(331, 18, 'Binshangul Gumuz'),
(332, 18, 'Dire Dawa'),
(333, 18, 'Gambela Hizboch'),
(334, 18, 'Hareri Hizb'),
(335, 18, 'Oromiya'),
(336, 18, 'Sumale (Somali)'),
(337, 18, 'Tigray'),
(338, 18, 'YeDebub Biheroch Bihereseboch...'),
(339, 19, ''),
(340, 19, 'Libreville'),
(341, 20, ''),
(342, 20, 'Estuaire'),
(343, 20, 'Haut-Ogooue'),
(344, 20, 'Moyen-Ogooue'),
(345, 20, 'Ngounie'),
(346, 20, 'Nyanga'),
(347, 20, 'Ogooue-Ivindo'),
(348, 20, 'Ogooue-Lolo'),
(349, 20, 'Ogooue-Maritime'),
(350, 20, 'Woleu-Ntem'),
(351, 21, ''),
(352, 21, 'Accra'),
(353, 21, ''),
(354, 21, 'Ashanti'),
(355, 21, 'Brong-Ahafo'),
(356, 21, 'Central'),
(357, 21, 'Eastern'),
(358, 21, 'Northern'),
(359, 21, 'Upper East'),
(360, 21, 'Upper West'),
(361, 21, 'Volta'),
(362, 21, 'Western'),
(363, 22, ''),
(364, 22, 'Conakry'),
(365, 22, ''),
(366, 22, 'Beyla'),
(367, 22, 'Boffa'),
(368, 22, 'Boke'),
(369, 22, 'Coyah'),
(370, 22, 'Dabola'),
(371, 22, 'Dalaba'),
(372, 22, 'Dinguiraye'),
(373, 22, 'Dubreka'),
(374, 22, 'Faranah'),
(375, 22, 'Forecariah'),
(376, 22, 'Fria'),
(377, 22, 'Gaoual'),
(378, 22, 'Gueckedou'),
(379, 22, 'Kankan'),
(380, 22, 'Kerouane'),
(381, 22, 'Kindia'),
(382, 22, 'Kissidougou'),
(383, 22, 'Koubia'),
(384, 22, 'Koundara'),
(385, 22, 'Kouroussa'),
(386, 22, 'Labe'),
(387, 22, 'Lelouma'),
(388, 22, 'Lola'),
(389, 22, 'Macenta'),
(390, 22, 'Mali'),
(391, 22, 'Mamou'),
(392, 22, 'Mandiana'),
(393, 22, 'Nzerekore'),
(394, 22, 'Pita'),
(395, 22, 'Siguiri'),
(396, 22, 'Telimele'),
(397, 22, 'Tougue'),
(398, 22, 'Yomou'),
(399, 23, ''),
(400, 23, 'Bissau'),
(401, 23, ''),
(402, 23, 'Bafata'),
(403, 23, 'Biombo'),
(404, 23, 'Bolama/Bijagos'),
(405, 23, 'Cacheu'),
(406, 23, 'Gabu'),
(407, 23, 'Oio'),
(408, 23, 'Quinara'),
(409, 23, 'Tombali'),
(410, 24, ''),
(411, 24, 'Nairobi'),
(412, 24, ''),
(413, 24, 'Central'),
(414, 24, 'Coast'),
(415, 24, 'Eastern'),
(416, 24, 'Nairobi Area'),
(417, 24, 'North Eastern'),
(418, 24, 'Nyanza'),
(419, 24, 'Rift Valley'),
(420, 24, 'Western'),
(421, 25, ''),
(422, 25, 'Maseru'),
(423, 25, ''),
(424, 25, 'Berea'),
(425, 25, 'Butha-Buthe'),
(426, 25, 'Leribe'),
(427, 25, 'Mafeteng'),
(428, 25, 'Mohales Hoek'),
(429, 25, 'Mokhotlong'),
(430, 25, 'Quthing'),
(431, 25, 'Thaba-Tseka'),
(432, 26, ''),
(433, 26, 'Monrovia'),
(434, 26, ''),
(435, 26, 'Bomi'),
(436, 26, 'Bong'),
(437, 26, 'Gparbolu'),
(438, 26, 'Grand Bassa'),
(439, 26, 'Grand Cape Mount'),
(440, 26, 'Grand Gedeh'),
(441, 26, 'Grand Kru'),
(442, 26, 'Lofa'),
(443, 26, 'Margibi'),
(444, 26, 'Maryland'),
(445, 26, 'Montserrado'),
(446, 26, 'Nimba'),
(447, 26, 'River Cess'),
(448, 26, 'River Gee'),
(449, 26, 'Sinoe'),
(450, 27, ''),
(451, 27, 'Tripoli'),
(452, 27, ''),
(453, 27, 'Ajdabiya'),
(454, 27, 'Al Fatih'),
(455, 27, 'Al Jabal al Akhdar'),
(456, 27, 'Al Jufrah'),
(457, 27, 'Al Khums'),
(458, 27, 'Al Kufrah'),
(459, 27, 'An Nuqat al Khams'),
(460, 27, 'Awbari'),
(461, 27, 'Az Zawiyah'),
(462, 27, 'Banghazi'),
(463, 27, 'Darnah'),
(464, 27, 'Ghadamis'),
(465, 27, 'Gharyan'),
(466, 27, 'Misratah'),
(467, 27, 'Murzuq'),
(468, 27, 'Sabha'),
(469, 27, 'Sawfajjin'),
(470, 27, 'Surt'),
(471, 27, 'Tarabulus'),
(472, 27, 'Tarhunah'),
(473, 27, 'Tubruq'),
(474, 27, 'Yafran'),
(475, 27, 'Zlitan'),
(476, 28, ''),
(477, 28, 'Antananarivo'),
(478, 28, ''),
(479, 28, 'Antsiranana'),
(480, 28, 'Fianarantsoa'),
(481, 28, 'Mahajanga'),
(482, 28, 'Toamasina'),
(483, 28, 'Toliara'),
(484, 29, ''),
(485, 29, 'Lilongwe'),
(486, 29, ''),
(487, 29, 'Balaka'),
(488, 29, 'Blantyre'),
(489, 29, 'Chikwawa'),
(490, 29, 'Chiradzulu'),
(491, 29, 'Chitipa'),
(492, 29, 'Dedza'),
(493, 29, 'Dowa'),
(494, 29, 'Karonga'),
(495, 29, 'Kasungu'),
(496, 29, 'Likoma'),
(497, 29, 'Machinga (Kasupe)'),
(498, 29, 'Mangochi'),
(499, 29, 'Mchinji'),
(500, 29, 'Mulanje'),
(501, 29, 'Mwanza'),
(502, 29, 'Mzimba'),
(503, 29, 'Ntcheu'),
(504, 29, 'Nkhata Bay'),
(505, 29, 'Nkhotakota'),
(506, 29, 'Nsanje'),
(507, 29, 'Ntchisi'),
(508, 29, 'Phalombe'),
(509, 29, 'Rumphi'),
(510, 29, 'Salima'),
(511, 29, 'Thyolo'),
(512, 29, 'Zomba'),
(513, 30, ''),
(514, 30, 'Bamako'),
(515, 30, ''),
(516, 30, 'Gao'),
(517, 30, 'Kayes'),
(518, 30, 'Kidal'),
(519, 30, 'Koulikoro'),
(520, 30, 'Mopti'),
(521, 30, 'Segou'),
(522, 30, 'Sikasso'),
(523, 30, 'Tombouctou'),
(524, 31, ''),
(525, 31, 'Nouakchott'),
(526, 31, ''),
(527, 31, 'Adrar'),
(528, 31, 'Assaba'),
(529, 31, 'Brakna'),
(530, 31, 'Dakhlet Nouadhibou'),
(531, 31, 'Gorgol'),
(532, 31, 'Guidimaka'),
(533, 31, 'Hodh Ech Chargui'),
(534, 31, 'Hodh El Gharbi'),
(535, 31, 'Inchiri'),
(536, 31, 'Tagant'),
(537, 31, 'Tiris Zemmour'),
(538, 31, 'Trarza'),
(539, 32, ''),
(540, 32, 'Port Louis'),
(541, 32, ''),
(542, 32, 'Agalega Islands'),
(543, 32, 'Black River'),
(544, 32, 'Cargados Carajos Shoals'),
(545, 32, 'Flacq'),
(546, 32, 'Grand Port'),
(547, 32, 'Moka'),
(548, 32, 'Pamplemousses'),
(549, 32, 'Plaines Wilhems'),
(550, 32, 'Riviere du Rempart'),
(551, 32, 'Rodrigues'),
(552, 32, 'Savanne'),
(553, 33, ''),
(554, 33, 'Rabat'),
(555, 33, ''),
(556, 33, 'Ad Dakhla (Oued Eddahab)'),
(557, 33, 'Agadir'),
(558, 33, 'Al Hoceima'),
(559, 33, 'Azilal'),
(560, 33, 'Beni Mellal'),
(561, 33, 'Ben Slimane'),
(562, 33, 'Boujdour'),
(563, 33, 'Boulemane'),
(564, 33, 'Casablanca'),
(565, 33, 'Chaouen'),
(566, 33, 'El Jadida'),
(567, 33, 'El Kelaa des Sraghna'),
(568, 33, 'Er Rachidia'),
(569, 33, 'Essaouira'),
(570, 33, 'Es Smara'),
(571, 33, 'Fes'),
(572, 33, 'Figuig'),
(573, 33, 'Guelmim'),
(574, 33, 'Ifrane'),
(575, 33, 'Kenitra'),
(576, 33, 'Khemisset'),
(577, 33, 'Khenifra'),
(578, 33, 'Khouribga'),
(579, 33, 'Laayoune'),
(580, 33, 'Larache'),
(581, 33, 'Marrakech'),
(582, 33, 'Meknes'),
(583, 33, 'Nador'),
(584, 33, 'Ouarzazate'),
(585, 33, 'Oujda'),
(586, 33, 'Safi'),
(587, 33, 'Settat'),
(588, 33, 'Sidi Kacem'),
(589, 33, 'Tanger'),
(590, 33, 'Tan-Tan'),
(591, 33, 'Taounate'),
(592, 33, 'Taroudannt'),
(593, 33, 'Tata'),
(594, 33, 'Taza'),
(595, 33, 'Tetouan'),
(596, 33, 'Tiznit'),
(597, 34, ''),
(598, 34, 'Maputo'),
(599, 34, ''),
(600, 34, 'Cabo Delgado'),
(601, 34, 'Gaza'),
(602, 34, 'Inhambane'),
(603, 34, 'Manica'),
(604, 34, 'Maputo'),
(605, 34, 'Nampula'),
(606, 34, 'Niassa'),
(607, 34, 'Sofala'),
(608, 34, 'Tete'),
(609, 34, 'Zambezia'),
(610, 35, ''),
(611, 35, 'Windhoek'),
(612, 35, ''),
(613, 35, 'Caprivi'),
(614, 35, 'Erongo'),
(615, 35, 'Hardap'),
(616, 35, 'Karas'),
(617, 35, 'Khomas'),
(618, 35, 'Kunene'),
(619, 35, 'Ohangwena'),
(620, 35, 'Okavango'),
(621, 35, 'Omaheke'),
(622, 35, 'Omusati'),
(623, 35, 'Oshana'),
(624, 35, 'Oshikoto'),
(625, 35, 'Otjozondjupa'),
(626, 36, ''),
(627, 36, 'Niamey'),
(628, 36, ''),
(629, 36, 'Agadez'),
(630, 36, 'Diffa'),
(631, 36, 'Dosso'),
(632, 36, 'Maradi'),
(633, 36, 'Tahoua'),
(634, 36, 'Tillaberi'),
(635, 36, 'Zinder'),
(636, 37, ''),
(637, 37, 'Abuja'),
(638, 37, ''),
(639, 37, 'Abia'),
(640, 37, 'Adamawa'),
(641, 37, 'Akwa Ibom'),
(642, 37, 'Anambra'),
(643, 37, 'Bauchi'),
(644, 37, 'Bayelsa'),
(645, 37, 'Benue'),
(646, 37, 'Borno'),
(647, 37, 'Cross River'),
(648, 37, 'Delta'),
(649, 37, 'Ebonyi'),
(650, 37, 'Edo'),
(651, 37, 'Ekiti'),
(652, 37, 'Enugu'),
(653, 37, 'Gombe'),
(654, 37, 'Imo'),
(655, 37, 'Jigawa'),
(656, 37, 'Kaduna'),
(657, 37, 'Kano'),
(658, 37, 'Katsina'),
(659, 37, 'Kebbi'),
(660, 37, 'Kogi'),
(661, 37, 'Kwara'),
(662, 37, 'Lagos'),
(663, 37, 'Nassarawa'),
(664, 37, 'Niger'),
(665, 37, 'Ogun'),
(666, 37, 'Ondo'),
(667, 37, 'Osun'),
(668, 37, 'Oyo'),
(669, 37, 'Plateau'),
(670, 37, 'Rivers'),
(671, 37, 'Sokoto'),
(672, 37, 'Taraba'),
(673, 37, 'Yobe'),
(674, 37, 'Zamfara'),
(675, 38, ''),
(676, 38, 'Kigali'),
(677, 38, ''),
(678, 38, 'Butare'),
(679, 38, 'Byumba'),
(680, 38, 'Cyangugu'),
(681, 38, 'Gikongoro'),
(682, 38, 'Gisenyi'),
(683, 38, 'Gitarama'),
(684, 38, 'Kibungo'),
(685, 38, 'Kibuye'),
(686, 38, 'Ruhengeri'),
(687, 38, 'Umutara'),
(688, 39, ''),
(689, 39, 'Sao Tome'),
(690, 39, ''),
(691, 39, 'Principe'),
(692, 40, ''),
(693, 40, 'Dakar'),
(694, 40, ''),
(695, 40, 'Diourbel'),
(696, 40, 'Fatick'),
(697, 40, 'Kaolack'),
(698, 40, 'Kolda'),
(699, 40, 'Louga'),
(700, 40, 'Matam'),
(701, 40, 'Saint-Louis'),
(702, 40, 'Tambacounda'),
(703, 40, 'Thies'),
(704, 40, 'Ziguinchor'),
(705, 41, ''),
(706, 41, 'Victoria'),
(707, 41, ''),
(708, 41, 'Anse aux Pins'),
(709, 41, 'Anse Boileau'),
(710, 41, 'Anse Etoile'),
(711, 41, 'Anse Louis'),
(712, 41, 'Anse Royale'),
(713, 41, 'Baie Lazare'),
(714, 41, 'Baie Sainte Anne'),
(715, 41, 'Beau Vallon'),
(716, 41, 'Bel Air'),
(717, 41, 'Bel Ombre'),
(718, 41, 'Cascade'),
(719, 41, 'Glacis'),
(720, 41, 'La Digue'),
(721, 41, 'La Riviere Anglaise'),
(722, 41, 'Mont Buxton'),
(723, 41, 'Mont Fleuri'),
(724, 41, 'Plaisance'),
(725, 41, 'Pointe La Rue'),
(726, 41, 'Port Glaud'),
(727, 41, 'Saint Louis'),
(728, 41, 'Takamaka'),
(729, 42, ''),
(730, 42, 'Freetown'),
(731, 42, ''),
(732, 42, 'Eastern'),
(733, 42, 'Northern'),
(734, 42, 'Southern'),
(735, 42, 'Western'),
(736, 43, ''),
(737, 43, 'Mogadishu'),
(738, 43, ''),
(739, 43, 'Awdal'),
(740, 43, 'Bakool'),
(741, 43, 'Banaadir'),
(742, 43, 'Bari'),
(743, 43, 'Bay'),
(744, 43, 'Galguduud'),
(745, 43, 'Gedo'),
(746, 43, 'Hiiraan'),
(747, 43, 'Jubbada Dhexe'),
(748, 43, 'Jubbada Hoose'),
(749, 43, 'Mudug'),
(750, 43, 'Nugaal'),
(751, 43, 'Sanaag'),
(752, 43, 'Shabeellaha Dhexe'),
(753, 43, 'Shabeellaha Hoose'),
(754, 43, 'Sool'),
(755, 43, 'Togdheer'),
(756, 43, 'Woqooyi Galbeed'),
(757, 44, ''),
(758, 44, 'Pretoria'),
(759, 44, ''),
(760, 44, 'Eastern Cape'),
(761, 44, 'Free State'),
(762, 44, 'Gauteng'),
(763, 44, 'KwaZulu-Natal'),
(764, 44, 'Mpumalanga'),
(765, 44, 'North-West'),
(766, 44, 'Northern Cape'),
(767, 44, 'Northern Province/Limpopo'),
(768, 44, 'Western Cape'),
(769, 45, ''),
(770, 45, 'Khartoum'),
(771, 45, ''),
(772, 45, 'Al Bahr al Ahmar'),
(773, 45, 'Al Buhayrat'),
(774, 45, 'Al Jazirah'),
(775, 45, 'Al Khartum'),
(776, 45, 'Al Qadarif'),
(777, 45, 'Al Wahdah'),
(778, 45, 'An Nil al Abyad'),
(779, 45, 'An Nil al Azraq'),
(780, 45, 'Ash Shamaliyah'),
(781, 45, 'Bahr al Jabal'),
(782, 45, 'Gharb Bahr al Ghazal'),
(783, 45, 'Gharb Darfur'),
(784, 45, 'Gharb Kurdufan'),
(785, 45, 'Janub Darfur'),
(786, 45, 'Janub Kurdufan'),
(787, 45, 'Junqali'),
(788, 45, 'Kassala'),
(789, 45, 'Nahr an Nil'),
(790, 45, 'Shamal Bahr al Ghazal'),
(791, 45, 'Shamal Darfur'),
(792, 45, 'Shamal Kurdufan'),
(793, 45, 'Sinnar'),
(794, 45, 'Warab'),
(795, 46, ''),
(796, 46, 'Lobamba/Mbabane'),
(797, 46, ''),
(798, 46, 'Hhohho'),
(799, 46, 'Lubombo'),
(800, 46, 'Manzini'),
(801, 46, 'Shiselweni'),
(802, 47, ''),
(803, 47, 'Dodoma'),
(804, 47, ''),
(805, 47, 'Arusha'),
(806, 47, 'Dar es Salaam'),
(807, 47, 'Iringa'),
(808, 47, 'Kagera'),
(809, 47, 'Kigoma'),
(810, 47, 'Kilimanjaro'),
(811, 47, 'Lindi'),
(812, 47, 'Mara'),
(813, 47, 'Mbeya'),
(814, 47, 'Morogoro'),
(815, 47, 'Mtwara'),
(816, 47, 'Mwanza'),
(817, 47, 'Pemba North'),
(818, 47, 'Pemba South'),
(819, 47, 'Pwani'),
(820, 47, 'Rukwa'),
(821, 47, 'Ruvuma'),
(822, 47, 'Shinyanga'),
(823, 47, 'Singida'),
(824, 47, 'Tabora'),
(825, 47, 'Tanga'),
(826, 47, 'Zanzibar Central/South'),
(827, 47, 'Zanzibar North'),
(828, 47, 'Zanzibar Urban/West'),
(829, 48, ''),
(830, 48, 'Lome'),
(831, 48, ''),
(832, 48, 'De La Kara'),
(833, 48, 'Des Plateaux'),
(834, 48, 'Des Savanes'),
(835, 48, 'Centrale'),
(836, 48, 'Maritime'),
(837, 49, ''),
(838, 49, 'Tunis'),
(839, 49, ''),
(840, 49, 'Ariana'),
(841, 49, 'Beja'),
(842, 49, 'Ben Arous'),
(843, 49, 'Bizerte'),
(844, 49, 'El Kef'),
(845, 49, 'Gabes'),
(846, 49, 'Gafsa'),
(847, 49, 'Jendouba'),
(848, 49, 'Kairouan'),
(849, 49, 'Kasserine'),
(850, 49, 'Kebili'),
(851, 49, 'Mahdia'),
(852, 49, 'Medenine'),
(853, 49, 'Monastir'),
(854, 49, 'Nabeul'),
(855, 49, 'Sfax'),
(856, 49, 'Sidi Bou Zid'),
(857, 49, 'Siliana'),
(858, 49, 'Sousse'),
(859, 49, 'Tataouine'),
(860, 49, 'Tozeur'),
(861, 49, 'Zaghouan'),
(862, 50, ''),
(863, 50, 'Kampala'),
(864, 50, ''),
(865, 50, 'Adjumani'),
(866, 50, 'Apac'),
(867, 50, 'Arua'),
(868, 50, 'Bugiri'),
(869, 50, 'Bundibugyo'),
(870, 50, 'Bushenyi'),
(871, 50, 'Busia'),
(872, 50, 'Gulu'),
(873, 50, 'Hoima'),
(874, 50, 'Iganga'),
(875, 50, 'Jinja'),
(876, 50, 'Kabale'),
(877, 50, 'Kabarole'),
(878, 50, 'Kaberamaido'),
(879, 50, 'Kalangala'),
(880, 50, 'Kamuli'),
(881, 50, 'Kamwenge'),
(882, 50, 'Kanungu'),
(883, 50, 'Kapchorwa'),
(884, 50, 'Kasese'),
(885, 50, 'Katakwi'),
(886, 50, 'Kayunga'),
(887, 50, 'Kibale'),
(888, 50, 'Kiboga'),
(889, 50, 'Kisoro'),
(890, 50, 'Kitgum'),
(891, 50, 'Kotido'),
(892, 50, 'Kumi'),
(893, 50, 'Kyenjojo'),
(894, 50, 'Lira'),
(895, 50, 'Luwero'),
(896, 50, 'Masaka'),
(897, 50, 'Masindi'),
(898, 50, 'Mayngc'),
(899, 50, 'Mbale'),
(900, 50, 'Mbarara'),
(901, 50, 'Moroto'),
(902, 50, 'Moyo'),
(903, 50, 'Mpigi'),
(904, 50, 'Mubende'),
(905, 50, 'Mukono'),
(906, 50, 'Nakapiripiti'),
(907, 50, 'Nakasongola'),
(908, 50, 'Nebbi'),
(909, 50, 'Ntungamo'),
(910, 50, 'Pader'),
(911, 50, 'Pallisa'),
(912, 50, 'Rakai'),
(913, 50, 'Rukungiri'),
(914, 50, 'Sembabule'),
(915, 50, 'Sironko'),
(916, 50, 'Soroti'),
(917, 50, 'Tororo'),
(918, 50, 'Wakiso'),
(919, 50, 'Yumbe'),
(920, 51, ''),
(921, 51, 'Lusaka'),
(922, 51, ''),
(923, 51, 'Central'),
(924, 51, 'Copperbelt'),
(925, 51, 'Eastern'),
(926, 51, 'Luapula'),
(927, 51, 'Lusaka'),
(928, 51, 'Northern'),
(929, 51, 'North-Western'),
(930, 51, 'Southern'),
(931, 51, 'Western'),
(932, 52, ''),
(933, 52, 'Harare'),
(934, 52, ''),
(935, 52, 'Bulawayo'),
(936, 52, 'Manicaland'),
(937, 52, 'Mashonaland Central'),
(938, 52, 'Mashonaland East'),
(939, 52, 'Mashonaland West'),
(940, 52, 'Masvingo'),
(941, 52, 'Matabeleland North'),
(942, 52, 'Matabeleland South'),
(943, 52, 'Midlands'),
(944, 54, ''),
(945, 54, 'Dhaka'),
(946, 54, ''),
(947, 54, 'Barisal'),
(948, 54, 'Chittagong'),
(949, 54, 'Khulna'),
(950, 54, 'Rajshahi'),
(951, 54, 'Sylhet'),
(952, 55, ''),
(953, 55, 'Thimphu'),
(954, 55, ''),
(955, 55, 'Bumthang'),
(956, 55, 'Chhukha'),
(957, 55, 'Chirang'),
(958, 55, 'Dagana'),
(959, 55, 'Gasa'),
(960, 55, 'Geylegphug'),
(961, 55, 'Ha'),
(962, 55, 'Lhuntshi'),
(963, 55, 'Mongar'),
(964, 55, 'Paro'),
(965, 55, 'Pemagatsel'),
(966, 55, 'Punakha'),
(967, 55, 'Samchi'),
(968, 55, 'Samdrup Jongkhar'),
(969, 55, 'Shemgang'),
(970, 55, 'Tashigang'),
(971, 55, 'Tongsa'),
(972, 55, 'Wangdi Phodrang'),
(973, 55, 'Yangtse'),
(974, 56, ''),
(975, 56, 'Bandar Seri Begawan'),
(976, 56, ''),
(977, 56, 'Belait'),
(978, 56, 'Brunei/Muara'),
(979, 56, 'Temburong'),
(980, 56, 'Tutong'),
(981, 57, ''),
(982, 57, 'Rangoon'),
(983, 57, ''),
(984, 57, 'Ayeyarwady'),
(985, 57, 'Bago'),
(986, 57, 'Chin'),
(987, 57, 'Kachin'),
(988, 57, 'Kayin'),
(989, 57, 'Kayah'),
(990, 57, 'Magway'),
(991, 57, 'Mandalay'),
(992, 57, 'Mon'),
(993, 57, 'Rakhine'),
(994, 57, 'Sagaing'),
(995, 57, 'Shan'),
(996, 57, 'Tanintharyi'),
(997, 57, 'Yangon'),
(998, 58, ''),
(999, 58, 'Phnom Penh'),
(1000, 58, ''),
(1001, 58, 'Banteay Mean Cheay'),
(1002, 58, 'Batdambang'),
(1003, 58, 'Kampong Cham'),
(1004, 58, 'Kampong Chhnang'),
(1005, 58, 'Kampong Spoe'),
(1006, 58, 'Kampong Thum'),
(1007, 58, 'Kampot'),
(1008, 58, 'Kandal'),
(1009, 58, 'Kaoh Kong'),
(1010, 58, 'Keb'),
(1011, 58, 'Kracheh'),
(1012, 58, 'Mondol Kiri'),
(1013, 58, 'Otdar Mean Cheay'),
(1014, 58, 'Pailin'),
(1015, 58, 'Pouthisat'),
(1016, 58, 'Preah Seihanu (Sihanoukville)'),
(1017, 58, 'Preah Vihear'),
(1018, 58, 'Prey Veng'),
(1019, 58, 'Rotanah Kiri'),
(1020, 58, 'Siem Reab'),
(1021, 58, 'Stoeng Treng'),
(1022, 58, 'Svay Rieng'),
(1023, 58, 'Takev'),
(1024, 59, ''),
(1025, 59, 'Beijing'),
(1026, 59, ''),
(1027, 59, 'Anhui'),
(1028, 59, 'Chongqing'),
(1029, 59, 'Fujian'),
(1030, 59, 'Gansu'),
(1031, 59, 'Guangdong'),
(1032, 59, 'Guangxi'),
(1033, 59, 'Guizhou'),
(1034, 59, 'Hainan'),
(1035, 59, 'Hebei'),
(1036, 59, 'Heilongjiang'),
(1037, 59, 'Henan'),
(1038, 59, 'Hubei'),
(1039, 59, 'Hunan'),
(1040, 59, 'Jiangsu'),
(1041, 59, 'Jiangxi'),
(1042, 59, 'Jilin'),
(1043, 59, 'Liaoning'),
(1044, 59, 'Nei Mongol'),
(1045, 59, 'Ningxia'),
(1046, 59, 'Qinghai'),
(1047, 59, 'Shaanxi'),
(1048, 59, 'Shandong'),
(1049, 59, 'Shanghai'),
(1050, 59, 'Shanxi'),
(1051, 59, 'Sichuan'),
(1052, 59, 'Tianjin'),
(1053, 59, 'Xinjiang'),
(1054, 59, 'Xizang (Tibet)'),
(1055, 59, 'Yunnan'),
(1056, 59, 'Zhejiang'),
(1057, 60, ''),
(1058, 60, 'Dili'),
(1059, 60, ''),
(1060, 60, 'Aileu'),
(1061, 60, 'Ainaro'),
(1062, 60, 'Baucau'),
(1063, 60, 'Bobonaro (Maliana)'),
(1064, 60, 'Cova-Lima (Suai)'),
(1065, 60, 'Ermera'),
(1066, 60, 'Lautem (Los Palos)'),
(1067, 60, 'Liquica'),
(1068, 60, 'Manatuto'),
(1069, 60, 'Manufahi (Same)'),
(1070, 60, 'Oecussi (Ambeno)'),
(1071, 60, 'Viqueque'),
(1072, 61, ''),
(1073, 61, 'New Delhi'),
(1074, 61, ''),
(1075, 61, 'Andaman/Nicobar Islands'),
(1076, 61, 'Andhra Pradesh'),
(1077, 61, 'Arunachal Pradesh'),
(1078, 61, 'Assam'),
(1079, 61, 'Bihar'),
(1080, 61, 'Chandigarh'),
(1081, 61, 'Chhattisgarh'),
(1082, 61, 'Dadra/Nagar Haveli'),
(1083, 61, 'Daman/Diu'),
(1084, 61, 'Goa'),
(1085, 61, 'Gujarat'),
(1086, 61, 'Haryana'),
(1087, 61, 'Himachal Pradesh'),
(1088, 61, 'Jammu/Kashmir'),
(1089, 61, 'Jharkhand'),
(1090, 61, 'Karnataka'),
(1091, 61, 'Kerala'),
(1092, 61, 'Lakshadweep'),
(1093, 61, 'Madhya Pradesh'),
(1094, 61, 'Maharashtra'),
(1095, 61, 'Manipur'),
(1096, 61, 'Meghalaya'),
(1097, 61, 'Mizoram'),
(1098, 61, 'Nagaland'),
(1099, 61, 'Orissa'),
(1100, 61, 'Pondicherry'),
(1101, 61, 'Punjab'),
(1102, 61, 'Rajasthan'),
(1103, 61, 'Sikkim'),
(1104, 61, 'Tamil Nadu'),
(1105, 61, 'Tripura'),
(1106, 61, 'Uttaranchal'),
(1107, 61, 'Uttar Pradesh'),
(1108, 61, 'West Bengal'),
(1109, 62, ''),
(1110, 62, 'Jakarta'),
(1111, 62, ''),
(1112, 62, 'Aceh'),
(1113, 62, 'Bali'),
(1114, 62, 'Banten'),
(1115, 62, 'Bengkulu'),
(1116, 62, 'Gorontalo'),
(1117, 62, 'Jakarta Raya'),
(1118, 62, 'Jambi'),
(1119, 62, 'Jawa Barat'),
(1120, 62, 'Jawa Tengah'),
(1121, 62, 'Jawa Timur'),
(1122, 62, 'Kalimantan Barat'),
(1123, 62, 'Kalimantan Selatan'),
(1124, 62, 'Kalimantan Tengah'),
(1125, 62, 'Kalimantan Timur'),
(1126, 62, 'Kepulauan Bangka Belitung'),
(1127, 62, 'Lampung'),
(1128, 62, 'Maluku'),
(1129, 62, 'Maluku Utara'),
(1130, 62, 'Nusa Tenggara Barat'),
(1131, 62, 'Nusa Tenggara Timur'),
(1132, 62, 'Papua'),
(1133, 62, 'Riau'),
(1134, 62, 'Sulawesi Selatan'),
(1135, 62, 'Sulawesi Tengah'),
(1136, 62, 'Sulawesi Tenggara'),
(1137, 62, 'Sulawesi Utara'),
(1138, 62, 'Sumatera Barat'),
(1139, 62, 'Sumatera Selatan'),
(1140, 62, 'Sumatera Utara'),
(1141, 62, 'Yogyakarta'),
(1142, 63, ''),
(1143, 63, 'Tokyo'),
(1144, 63, ''),
(1145, 63, 'Aichi'),
(1146, 63, 'Akita'),
(1147, 63, 'Aomori'),
(1148, 63, 'Chiba'),
(1149, 63, 'Ehime'),
(1150, 63, 'Fukui'),
(1151, 63, 'Fukuoka'),
(1152, 63, 'Fukushima'),
(1153, 63, 'Gifu'),
(1154, 63, 'Gumma'),
(1155, 63, 'Hiroshima'),
(1156, 63, 'Hokkaido'),
(1157, 63, 'Hyogo'),
(1158, 63, 'Ibaraki'),
(1159, 63, 'Ishikawa'),
(1160, 63, 'Iwate'),
(1161, 63, 'Kagawa'),
(1162, 63, 'Kagoshima'),
(1163, 63, 'Kanagawa'),
(1164, 63, 'Kochi'),
(1165, 63, 'Kumamoto'),
(1166, 63, 'Kyoto'),
(1167, 63, 'Mie'),
(1168, 63, 'Miyagi'),
(1169, 63, 'Miyazaki'),
(1170, 63, 'Nagano'),
(1171, 63, 'Nagasaki'),
(1172, 63, 'Nara'),
(1173, 63, 'Niigata'),
(1174, 63, 'Oita'),
(1175, 63, 'Okayama'),
(1176, 63, 'Okinawa'),
(1177, 63, 'Osaka'),
(1178, 63, 'Saga'),
(1179, 63, 'Saitama'),
(1180, 63, 'Shiga'),
(1181, 63, 'Shimane'),
(1182, 63, 'Shizuoka'),
(1183, 63, 'Tochigi'),
(1184, 63, 'Tokushima'),
(1185, 63, 'Tokyo'),
(1186, 63, 'Tottori'),
(1187, 63, 'Toyama'),
(1188, 63, 'Wakayama'),
(1189, 63, 'Yamagata'),
(1190, 63, 'Yamaguchi'),
(1191, 63, 'Yamanashi'),
(1192, 64, ''),
(1193, 64, 'Astana'),
(1194, 64, ''),
(1195, 64, 'Almaty'),
(1196, 64, 'Almaty'),
(1197, 64, 'Aqmola'),
(1198, 64, 'Aqtobe'),
(1199, 64, 'Astana'),
(1200, 64, 'Atyrau'),
(1201, 64, 'Batys Qazaqstan'),
(1202, 64, 'Bayqongyr'),
(1203, 64, 'Mangghystau'),
(1204, 64, 'Ongtustik Qazaqstan'),
(1205, 64, 'Pavlodar'),
(1206, 64, 'Qaraghandy'),
(1207, 64, 'Qostanay'),
(1208, 64, 'Qyzylorda'),
(1209, 64, 'Shyghys Qazaqstan'),
(1210, 64, 'Soltustik Qazaqstan'),
(1211, 64, 'Zhambyl'),
(1212, 65, ''),
(1213, 65, ''),
(1214, 65, 'Chagang-do'),
(1215, 65, 'Hamgyong-bukto'),
(1216, 65, 'Hamgyong-namdo'),
(1217, 65, 'Hwanghae-bukto'),
(1218, 65, 'Hwanghae-namdo'),
(1219, 65, 'Kaesong-si'),
(1220, 65, 'Kangwon-do'),
(1221, 65, 'Najin Sonbong-si'),
(1222, 65, 'Yanggang-do'),
(1223, 66, ''),
(1224, 66, 'Seoul'),
(1225, 66, ''),
(1226, 66, 'Cheju-do'),
(1227, 66, 'Cholla-bukto'),
(1228, 66, 'Cholla-namdo'),
(1229, 66, 'Kangwon-do'),
(1230, 66, 'Kwangju-gwangyoksi'),
(1231, 66, 'Kyonggi-do'),
(1232, 66, 'Kyongsang-bukto'),
(1233, 66, 'Kyongsang-namdo'),
(1234, 66, 'Pusan-gwangyoksi'),
(1235, 66, 'Taegu-gwangyoksi'),
(1236, 66, 'Taejon-gwangyoksi'),
(1237, 66, 'Ulsan-gwangyoksi'),
(1238, 67, ''),
(1239, 67, 'Vientiane'),
(1240, 67, ''),
(1241, 67, 'Attapu'),
(1242, 67, 'Bokeo'),
(1243, 67, 'Bolikhamxai'),
(1244, 67, 'Champasak'),
(1245, 67, 'Houaphan'),
(1246, 67, 'Khammouan'),
(1247, 67, 'Louangnamtha'),
(1248, 67, 'Louangphabang'),
(1249, 67, 'Oudomxai'),
(1250, 67, 'Phongsali'),
(1251, 67, 'Salavan'),
(1252, 67, 'Savannakhet'),
(1253, 67, 'Viangchan'),
(1254, 67, 'Viangchan'),
(1255, 67, 'Xaignabouli'),
(1256, 67, 'Xaisomboun'),
(1257, 67, 'Xekong'),
(1258, 67, 'Xiangkhoang'),
(1259, 68, ''),
(1260, 68, 'Kuala Lumpur'),
(1261, 68, ''),
(1262, 68, 'Johor'),
(1263, 68, 'Kedah'),
(1264, 68, 'Kelantan'),
(1265, 68, 'Labuan'),
(1266, 68, 'Melaka'),
(1267, 68, 'Negeri Sembilan'),
(1268, 68, 'Pahang'),
(1269, 68, 'Perak'),
(1270, 68, 'Perlis'),
(1271, 68, 'Pulau Pinang'),
(1272, 68, 'Putrajaya'),
(1273, 68, 'Sabah'),
(1274, 68, 'Sarawak'),
(1275, 68, 'Selangor'),
(1276, 68, 'Terengganu'),
(1277, 68, 'Wilayah Persekutuan'),
(1278, 69, ''),
(1279, 69, 'Maale'),
(1280, 69, ''),
(1281, 69, 'Alifu'),
(1282, 69, 'Baa'),
(1283, 69, 'Dhaalu'),
(1284, 69, 'Faafu'),
(1285, 69, 'Gaafu Alifu'),
(1286, 69, 'Gaafu Dhaalu'),
(1287, 69, 'Gnaviyani'),
(1288, 69, 'Haa Alifu'),
(1289, 69, 'Haa Dhaalu'),
(1290, 69, 'Kaafu'),
(1291, 69, 'Laamu'),
(1292, 69, 'Lhaviyani'),
(1293, 69, 'Meemu'),
(1294, 69, 'Noonu'),
(1295, 69, 'Raa'),
(1296, 69, 'Seenu'),
(1297, 69, 'Shaviyani'),
(1298, 69, 'Thaa'),
(1299, 69, 'Vaavu'),
(1300, 70, ''),
(1301, 70, 'Ulaanbaatar'),
(1302, 70, ''),
(1303, 70, 'Arhangay'),
(1304, 70, 'Bayanhongor'),
(1305, 70, 'Bayan-Olgiy'),
(1306, 70, 'Bulgan'),
(1307, 70, 'Darhan Uul'),
(1308, 70, 'Dornod'),
(1309, 70, 'Dornogovi'),
(1310, 70, 'Dundgovi'),
(1311, 70, 'Dzavhan'),
(1312, 70, 'Govi-Altay'),
(1313, 70, 'Govi-Sumber'),
(1314, 70, 'Hentiy'),
(1315, 70, 'Hovd'),
(1316, 70, 'Hovsgol'),
(1317, 70, 'Omnogovi'),
(1318, 70, 'Orhon'),
(1319, 70, 'Ovorhangay'),
(1320, 70, 'Selenge'),
(1321, 70, 'Suhbaatar'),
(1322, 70, 'Tov'),
(1323, 70, 'Uvs'),
(1324, 71, ''),
(1325, 71, 'Kathmandu'),
(1326, 71, ''),
(1327, 71, 'Bagmati'),
(1328, 71, 'Bheri'),
(1329, 71, 'Dhawalagiri'),
(1330, 71, 'Gandaki'),
(1331, 71, 'Janakpur'),
(1332, 71, 'Karnali'),
(1333, 71, 'Kosi'),
(1334, 71, 'Lumbini'),
(1335, 71, 'Mahakali'),
(1336, 71, 'Mechi'),
(1337, 71, 'Narayani'),
(1338, 71, 'Rapti'),
(1339, 71, 'Sagarmatha'),
(1340, 71, 'Seti'),
(1341, 72, ''),
(1342, 72, 'Manila'),
(1343, 72, ''),
(1344, 72, 'Oriental'),
(1345, 72, 'North Cotabato'),
(1346, 72, 'Northern Samar'),
(1347, 72, 'Nueva Ecija'),
(1348, 72, 'Nueva Vizcaya'),
(1349, 72, 'Olongapo'),
(1350, 72, 'Ormoc'),
(1351, 72, 'Oroquieta'),
(1352, 72, 'Ozamis'),
(1353, 72, 'Pagadian'),
(1354, 72, 'Palawan'),
(1355, 72, 'Palayan'),
(1356, 72, 'Pampanga'),
(1357, 72, 'Pangasinan'),
(1358, 72, 'Pasay'),
(1359, 72, 'Puerto Princesa'),
(1360, 72, 'Quezon'),
(1361, 72, 'Quezon City'),
(1362, 72, 'Quirino'),
(1363, 72, 'Rizal'),
(1364, 72, 'Romblon'),
(1365, 72, 'Roxas'),
(1366, 72, 'Samar'),
(1367, 72, 'San Carlos (Negros Occidental)'),
(1368, 72, 'San Carlos (Pangasinan)'),
(1369, 72, 'San Jose'),
(1370, 72, 'San Pablo'),
(1371, 72, 'Silay'),
(1372, 72, 'Siquijor'),
(1373, 72, 'Sorsogon'),
(1374, 72, 'South Cotabato'),
(1375, 72, 'Southern Leyte'),
(1376, 72, 'Sultan Kudarat'),
(1377, 72, 'Sulu'),
(1378, 72, 'Surigao'),
(1379, 72, 'Surigao del Norte'),
(1380, 72, 'Surigao del Sur'),
(1381, 72, 'Tacloban'),
(1382, 72, 'Tagaytay'),
(1383, 72, 'Tagbilaran'),
(1384, 72, 'Tangub'),
(1385, 72, 'Tarlac'),
(1386, 72, 'Tawi-Tawi'),
(1387, 72, 'Toledo'),
(1388, 72, 'Trece Martires'),
(1389, 72, 'Zambales'),
(1390, 72, 'Zamboanga'),
(1391, 72, 'Zamboanga del Norte'),
(1392, 72, 'Zamboanga del Sur'),
(1393, 73, ''),
(1394, 73, 'Moskva (Moscow)'),
(1395, 73, ''),
(1396, 73, 'Adygeya (Maykop)'),
(1397, 73, 'Aginskiy Buryatskiy (Aginskoye)'),
(1398, 73, 'Altay (Gorno-Altaysk)'),
(1399, 73, 'Altayskiy (Barnaul)'),
(1400, 73, 'Amurskaya (Blagoveshchensk)'),
(1401, 73, 'Astrakhanskaya'),
(1402, 73, 'Bashkortostan (Ufa)'),
(1403, 73, 'Belgorodskaya'),
(1404, 73, 'Bryanskaya'),
(1405, 73, 'Buryatiya (Ulan-Ude)'),
(1406, 73, 'Chechnya (Groznyy)'),
(1407, 73, 'Chelyabinskaya'),
(1408, 73, 'Chitinskaya'),
(1409, 73, 'Chuvashiya (Cheboksary)'),
(1410, 73, 'Dagestan (Makhachkala)'),
(1411, 73, 'Evenkiyskiy (Tura)'),
(1412, 73, 'Irkutskaya'),
(1413, 73, 'Ivanovskaya'),
(1414, 73, 'Kaliningradskaya'),
(1415, 73, 'Kalmykiya (Elista)'),
(1416, 73, 'Kaluzhskaya'),
(1417, 73, 'Kamchatskaya (Petropavlovsk-Kamchatskiy)'),
(1418, 73, 'Karachayevo-Cherkesiya (Cherkessk)'),
(1419, 73, 'Kareliya (Petrozavodsk)'),
(1420, 73, 'Kemerovskaya'),
(1421, 73, 'Khabarovskiy'),
(1422, 73, 'Khakasiya (Abakan)'),
(1423, 73, 'Khanty-Mansiyskiy (Khanty-Mansiysk)'),
(1424, 73, 'Kirovskaya'),
(1425, 73, 'Komi (Syktyvkar)'),
(1426, 73, 'Koryakskiy (Palana)'),
(1427, 73, 'Kostromskaya'),
(1428, 73, 'Krasnodarskiy'),
(1429, 73, 'Krasnoyarskiy'),
(1430, 73, 'Kurganskaya'),
(1431, 73, 'Kurskaya'),
(1432, 73, 'Leningradskaya'),
(1433, 73, 'Lipetskaya'),
(1434, 73, 'Magadanskaya'),
(1435, 73, 'Mariy-El (Yoshkar-Ola)'),
(1436, 73, 'Mordoviya (Saransk)'),
(1437, 73, 'Moskovskaya'),
(1438, 73, 'Murmanskaya'),
(1439, 73, 'Nizhegorodskaya'),
(1440, 73, 'Novgorodskaya'),
(1441, 73, 'Novosibirskaya'),
(1442, 73, 'Omskaya'),
(1443, 73, 'Orenburgskaya'),
(1444, 73, 'Orlovskaya (Orel)'),
(1445, 73, 'Penzenskaya'),
(1446, 73, 'Permskaya'),
(1447, 73, 'Komi-Permyatskiy (Kudymkar)'),
(1448, 73, 'Primorskiy (Vladivostok)'),
(1449, 73, 'Pskovskaya'),
(1450, 73, 'Rostovskaya'),
(1451, 73, 'Ryazanskaya'),
(1452, 73, 'Sakha (Yakutiya)'),
(1453, 73, 'Sakhalinskaya (Yuzhno-Sakhalinsk)'),
(1454, 73, 'Samarskaya'),
(1455, 73, 'Sankt-Peterburg (Saint Petersburg)'),
(1456, 73, 'Saratovskaya'),
(1457, 73, 'Severnaya Osetiya-Alaniya [North Ossetia] (Vladikavkaz)'),
(1458, 73, 'Smolenskaya'),
(1459, 73, 'Sverdlovskaya (Yekaterinburg)'),
(1460, 73, 'Tambovskaya'),
(1461, 73, 'Taymyrskiy (Dudinka)'),
(1462, 73, 'Tomskaya'),
(1463, 73, 'Tverskaya'),
(1464, 73, 'Tyumenskaya'),
(1465, 73, 'Tyva (Kyzyl)'),
(1466, 73, 'Udmurtiya (Izhevsk)'),
(1467, 73, 'Vladimirskaya'),
(1468, 73, 'Volgogradskaya'),
(1469, 73, 'Vologodskaya'),
(1470, 73, 'Voronezhskaya'),
(1471, 73, 'Yamalo-Nenetskiy (Salekhard)'),
(1472, 73, 'Yaroslavskaya'),
(1473, 73, 'Yevreyskaya'),
(1474, 74, ''),
(1475, 75, ''),
(1476, 75, 'Colombo'),
(1477, 75, ''),
(1478, 75, 'Central'),
(1479, 75, 'North Central'),
(1480, 75, 'Northern'),
(1481, 75, 'Eastern'),
(1482, 75, 'North Western'),
(1483, 75, 'Sabaragamuwa'),
(1484, 75, 'Southern'),
(1485, 75, 'Uva'),
(1486, 75, 'Western'),
(1487, 76, ''),
(1488, 76, 'Taipei'),
(1489, 76, ''),
(1490, 76, 'Chang-hua'),
(1491, 76, 'Chia-i'),
(1492, 76, 'Chi-lung'),
(1493, 76, 'Hsin-chu'),
(1494, 76, 'Hua-lien'),
(1495, 76, 'I-lan'),
(1496, 76, 'Kao-hsiung'),
(1497, 76, 'Miao-li'),
(1498, 77, ''),
(1499, 77, 'Bangkok'),
(1500, 77, ''),
(1501, 77, 'Amnat Charoen'),
(1502, 77, 'Ang Thong'),
(1503, 77, 'Buriram'),
(1504, 77, 'Chachoengsao'),
(1505, 77, 'Chai Nat'),
(1506, 77, 'Chaiyaphum'),
(1507, 77, 'Chanthaburi'),
(1508, 77, 'Chiang Mai'),
(1509, 77, 'Chiang Rai'),
(1510, 77, 'Chon Buri'),
(1511, 77, 'Chumphon'),
(1512, 77, 'Kalasin'),
(1513, 77, 'Kamphaeng Phet'),
(1514, 77, 'Kanchanaburi'),
(1515, 77, 'Khon Kaen'),
(1516, 77, 'Krabi'),
(1517, 77, 'Lampang'),
(1518, 77, 'Lamphun'),
(1519, 77, 'Loei'),
(1520, 77, 'Lop Buri'),
(1521, 77, 'Mae Hong Son'),
(1522, 77, 'Maha Sarakham'),
(1523, 77, 'Mukdahan'),
(1524, 77, 'Nakhon Nayok'),
(1525, 77, 'Nakhon Pathom'),
(1526, 77, 'Nakhon Phanom'),
(1527, 77, 'Nakhon Ratchasima'),
(1528, 77, 'Nakhon Sawan'),
(1529, 77, 'Nakhon Si Thammarat'),
(1530, 77, 'Nan'),
(1531, 77, 'Narathiwat'),
(1532, 77, 'Nong Bua Lamphu'),
(1533, 77, 'Nong Khai'),
(1534, 77, 'Nonthaburi'),
(1535, 77, 'Pathum Thani'),
(1536, 77, 'Pattani'),
(1537, 77, 'Phangnga'),
(1538, 77, 'Phatthalung'),
(1539, 77, 'Phayao'),
(1540, 77, 'Phetchabun'),
(1541, 77, 'Phetchaburi'),
(1542, 77, 'Phichit'),
(1543, 77, 'Phitsanulok'),
(1544, 77, 'Phra Nakhon Si Ayutthaya'),
(1545, 77, 'Phrae'),
(1546, 77, 'Phuket'),
(1547, 77, 'Prachin Buri'),
(1548, 77, 'Prachuap Khiri Khan'),
(1549, 77, 'Ranong'),
(1550, 77, 'Ratchaburi'),
(1551, 77, 'Rayong'),
(1552, 77, 'Roi Et'),
(1553, 77, 'Sa Kaeo'),
(1554, 77, 'Sakon Nakhon'),
(1555, 77, 'Samut Prakan'),
(1556, 77, 'Samut Sakhon'),
(1557, 77, 'Samut Songkhram'),
(1558, 77, 'Sara Buri'),
(1559, 77, 'Satun'),
(1560, 77, 'Sing'),
(1561, 78, ''),
(1562, 78, 'Hanoi'),
(1563, 78, ''),
(1564, 78, 'An Giang'),
(1565, 78, 'Bac Giang'),
(1566, 78, 'Bac Kan'),
(1567, 78, 'Bac Lieu'),
(1568, 78, 'Bac Ninh'),
(1569, 78, 'Ba Ria-Vung Tau'),
(1570, 78, 'Ben Tre'),
(1571, 78, 'Binh Dinh'),
(1572, 78, 'Binh Duong'),
(1573, 78, 'Binh Phuoc'),
(1574, 78, 'Binh Thuan'),
(1575, 78, 'Ca Mau'),
(1576, 78, 'Can Tho'),
(1577, 78, 'Cao Bang'),
(1578, 78, 'Dac Lak'),
(1579, 78, 'Da Nang'),
(1580, 78, 'Dong Nai'),
(1581, 78, 'Dong Thap'),
(1582, 78, 'Gia Lai'),
(1583, 78, 'Ha Giang'),
(1584, 78, 'Hai Duong'),
(1585, 78, 'Hai Phong'),
(1586, 78, 'Ha Nam'),
(1587, 78, 'Ha Noi'),
(1588, 78, 'Ha Tay'),
(1589, 78, 'Ha Tinh'),
(1590, 78, 'Hoa Binh'),
(1591, 78, 'Ho Chi Minh'),
(1592, 78, 'Hung Yen'),
(1593, 78, 'Khanh Hoa'),
(1594, 78, 'Kien Giang'),
(1595, 78, 'Kon Tum'),
(1596, 78, 'Lai Chau'),
(1597, 78, 'Lam Dong'),
(1598, 78, 'Lang Son'),
(1599, 78, 'Lao Cai'),
(1600, 78, 'Long An'),
(1601, 78, 'Nam Dinh'),
(1602, 78, 'Nghe An'),
(1603, 78, 'Ninh Binh'),
(1604, 78, 'Ninh Thuan'),
(1605, 78, 'Phu Tho'),
(1606, 78, 'Phu Yen'),
(1607, 78, 'Quang Binh'),
(1608, 78, 'Quang Nam'),
(1609, 78, 'Quang Ngai'),
(1610, 78, 'Quang Ninh'),
(1611, 78, 'Quang Tri'),
(1612, 78, 'Soc Trang'),
(1613, 78, 'Son La'),
(1614, 78, 'Tay Ninh'),
(1615, 78, 'Thai Binh'),
(1616, 78, 'Thai Nguyen'),
(1617, 78, 'Thanh Hoa'),
(1618, 78, 'Thua Thien-Hue'),
(1619, 78, 'Tien Giang'),
(1620, 78, 'Tra Vinh'),
(1621, 78, 'Tuyen Quang'),
(1622, 78, 'Vinh Long'),
(1623, 78, 'Vinh Phuc'),
(1624, 78, 'Yen Bai'),
(1625, 79, ''),
(1626, 79, 'Canberra'),
(1627, 79, ''),
(1628, 79, 'Australian Capital Territory'),
(1629, 79, 'New South Wales'),
(1630, 79, 'Northern Territory'),
(1631, 79, 'Queensland'),
(1632, 79, 'South Australia'),
(1633, 79, 'Tasmania'),
(1634, 79, 'Victoria'),
(1635, 79, 'Western Australia'),
(1636, 80, ''),
(1637, 80, 'Suva'),
(1638, 80, ''),
(1639, 80, 'Central'),
(1640, 80, 'Eastern'),
(1641, 80, 'Northern'),
(1642, 80, 'Rotuma'),
(1643, 80, 'Western'),
(1644, 81, ''),
(1645, 81, 'Tarawa'),
(1646, 81, ''),
(1647, 81, 'Abaiang'),
(1648, 81, 'Abemama'),
(1649, 81, 'Aranuka'),
(1650, 81, 'Arorae'),
(1651, 81, 'Banaba'),
(1652, 81, 'Beru'),
(1653, 81, 'Butaritari'),
(1654, 81, 'Gilberts (Central)'),
(1655, 81, 'Gilberts (Northern)'),
(1656, 81, 'Gilberts (Southern)'),
(1657, 81, 'Kanton'),
(1658, 81, 'Kiritimati'),
(1659, 81, 'Kuria'),
(1660, 81, 'Line Islands'),
(1661, 81, 'Maiana'),
(1662, 81, 'Makin'),
(1663, 81, 'Marakei'),
(1664, 81, 'Nikunau'),
(1665, 81, 'Nonouti'),
(1666, 81, 'Onotoa'),
(1667, 81, 'Phoenix Islands'),
(1668, 81, 'Tabiteuea'),
(1669, 81, 'Tabuaeran'),
(1670, 81, 'Tamana'),
(1671, 81, 'Teraina'),
(1672, 82, ''),
(1673, 82, 'Palikir'),
(1674, 82, ''),
(1675, 82, 'Chuuk (Truk)'),
(1676, 82, 'Kosrae'),
(1677, 82, 'Pohnpei'),
(1678, 82, 'Yap'),
(1679, 83, ''),
(1680, 83, 'Yaren'),
(1681, 83, ''),
(1682, 83, 'Aiwo'),
(1683, 83, 'Anabar'),
(1684, 83, 'Anetan'),
(1685, 83, 'Anibare'),
(1686, 83, 'Baiti'),
(1687, 83, 'Boe'),
(1688, 83, 'Buada'),
(1689, 83, 'Denigomodu'),
(1690, 83, 'Ewa'),
(1691, 83, 'Ijuw'),
(1692, 83, 'Meneng'),
(1693, 83, 'Nibok'),
(1694, 83, 'Uaboe'),
(1695, 84, ''),
(1696, 84, 'Wellington'),
(1697, 84, ''),
(1698, 84, 'Akaroa'),
(1699, 84, 'Amuri'),
(1700, 84, 'Ashburton'),
(1701, 84, 'Auckland'),
(1702, 84, 'Banks Peninsula'),
(1703, 84, 'Bay of Islands'),
(1704, 84, 'Bay of Plenty'),
(1705, 84, 'Bruce'),
(1706, 84, 'Buller'),
(1707, 84, 'Canterbury'),
(1708, 84, 'Carterton'),
(1709, 84, 'Chatham Islands'),
(1710, 84, 'Cheviot'),
(1711, 84, 'Christchurch'),
(1712, 84, 'Clifton'),
(1713, 84, 'Clutha'),
(1714, 84, 'Cook'),
(1715, 84, 'Dannevirke'),
(1716, 84, 'Dunedin'),
(1717, 84, 'Egmont'),
(1718, 84, 'Eketahuna'),
(1719, 84, 'Ellesmere'),
(1720, 84, 'Eltham'),
(1721, 84, 'Eyre'),
(1722, 84, 'Far North'),
(1723, 84, 'Featherston'),
(1724, 84, 'Franklin'),
(1725, 84, 'Gisborne'),
(1726, 84, 'Golden Bay'),
(1727, 84, 'Gore'),
(1728, 84, 'Great Barrier Island'),
(1729, 84, 'Grey'),
(1730, 84, 'Hamilton'),
(1731, 84, 'Hastings'),
(1732, 84, 'Hauraki Plains'),
(1733, 84, 'Hawera'),
(1734, 84, 'Heathcote'),
(1735, 84, 'Hikurangi'),
(1736, 84, 'Hobson'),
(1737, 84, 'Hokianga'),
(1738, 84, 'Horowhenua'),
(1739, 84, 'Hurunui'),
(1740, 84, 'Hutt'),
(1741, 84, 'Inangahua'),
(1742, 84, 'Inglewood'),
(1743, 84, 'Invercargill'),
(1744, 84, 'Kaikoura'),
(1745, 84, 'Kaipara'),
(1746, 84, 'Kairanga'),
(1747, 84, 'Kapiti Coast'),
(1748, 84, 'Kawerau'),
(1749, 84, 'Kiwitea'),
(1750, 84, 'Lake'),
(1751, 84, 'Mackenzie'),
(1752, 84, 'Malvern'),
(1753, 84, 'Manaia'),
(1754, 84, 'Manawatu'),
(1755, 84, 'Mangonui'),
(1756, 84, 'Maniototo'),
(1757, 84, 'Manukau'),
(1758, 84, 'Marlborough'),
(1759, 84, 'Masterton'),
(1760, 84, 'Matamata'),
(1761, 84, 'Matamata Piako'),
(1762, 84, 'Mount Herbert'),
(1763, 84, 'Napier'),
(1764, 84, 'Nelson'),
(1765, 84, 'Nelson'),
(1766, 84, 'New Plymouth'),
(1767, 84, 'Northland'),
(1768, 84, 'North Shore'),
(1769, 84, 'Ohinemuri'),
(1770, 84, 'Opotiki'),
(1771, 84, 'Oroua'),
(1772, 84, 'Otago'),
(1773, 84, 'Otamatea'),
(1774, 84, 'Otorohanga'),
(1775, 84, 'Oxford'),
(1776, 84, 'Palmerston North'),
(1777, 84, 'Pahiatua'),
(1778, 84, 'Papakura'),
(1779, 84, 'Paparua'),
(1780, 84, 'Patea'),
(1781, 84, 'Piako'),
(1782, 84, 'Pohangina'),
(1783, 84, 'Porirua'),
(1784, 84, 'Queenstown Lakes'),
(1785, 84, 'Raglan'),
(1786, 84, 'Rangiora'),
(1787, 84, 'Rangitikei'),
(1788, 84, 'Rodney'),
(1789, 84, 'Rotorua'),
(1790, 84, 'Ruapehu'),
(1791, 84, 'Runanga'),
(1792, 84, 'Saint Kilda'),
(1793, 84, 'Selwyn'),
(1794, 84, 'Silverpeaks'),
(1795, 84, 'Southland'),
(1796, 84, 'South Taranaki'),
(1797, 84, 'South Waikato'),
(1798, 84, 'South Wairarapa'),
(1799, 84, 'Stewart Island'),
(1800, 84, 'Stratford'),
(1801, 84, 'Strathallan'),
(1802, 84, 'Taranaki'),
(1803, 84, 'Tararua'),
(1804, 84, 'Tasman'),
(1805, 84, 'Taumarunui'),
(1806, 84, 'Taupo'),
(1807, 84, 'Tauranga'),
(1808, 84, 'Thames Coromandel'),
(1809, 84, 'Timaru'),
(1810, 84, 'Tuapeka'),
(1811, 84, 'Upper Hutt'),
(1812, 84, 'Vincent'),
(1813, 84, 'Waiapu'),
(1814, 84, 'Waiheke'),
(1815, 84, 'Waihemo'),
(1816, 84, 'Waikato'),
(1817, 84, 'Waikohu'),
(1818, 84, 'Waimairi'),
(1819, 84, 'Waimarino'),
(1820, 84, 'Waimate'),
(1821, 84, 'Waimate West'),
(1822, 84, 'Waimea'),
(1823, 84, 'Waipa'),
(1824, 84, 'Waipawa'),
(1825, 84, 'Waipukurau'),
(1826, 84, 'Wairarapa South'),
(1827, 84, 'Wairewa'),
(1828, 84, 'Wairoa'),
(1829, 84, 'Waitakere'),
(1830, 84, 'Waitaki'),
(1831, 84, 'Waitomo'),
(1832, 84, 'Waitotara'),
(1833, 84, 'Wallace'),
(1834, 84, 'Wanganui'),
(1835, 84, 'Wanganui-Manawatu'),
(1836, 84, 'Waverley'),
(1837, 84, 'West Coast'),
(1838, 84, 'Western Bay of Plenty'),
(1839, 84, 'Westland'),
(1840, 84, 'Whakatane'),
(1841, 84, 'Whangarei'),
(1842, 84, 'Whangaroa'),
(1843, 84, 'Woodville'),
(1844, 85, ''),
(1845, 85, 'Koror'),
(1846, 85, ''),
(1847, 85, 'Aimeliik'),
(1848, 85, 'Airai'),
(1849, 85, 'Angaur'),
(1850, 85, 'Hatobohei'),
(1851, 85, 'Kayangel'),
(1852, 85, 'Melekeok'),
(1853, 85, 'Ngaraard'),
(1854, 85, 'Ngarchelong'),
(1855, 85, 'Ngardmau'),
(1856, 85, 'Ngatpang'),
(1857, 85, 'Ngchesar'),
(1858, 85, 'Ngeremlengui'),
(1859, 85, 'Ngiwal'),
(1860, 85, 'Peleliu'),
(1861, 85, 'Sonsoral'),
(1862, 86, ''),
(1863, 86, 'Port Moresby'),
(1864, 86, ''),
(1865, 86, 'Bougainville'),
(1866, 86, 'Central'),
(1867, 86, 'Chimbu'),
(1868, 86, 'Eastern Highlands'),
(1869, 86, 'East New Britain'),
(1870, 86, 'East Sepik'),
(1871, 86, 'Enga'),
(1872, 86, 'Gulf'),
(1873, 86, 'Madang'),
(1874, 86, 'Manus'),
(1875, 86, 'Milne Bay'),
(1876, 86, 'Morobe'),
(1877, 86, 'National Capital'),
(1878, 86, 'New Ireland'),
(1879, 86, 'Northern'),
(1880, 86, 'Sandaun'),
(1881, 86, 'Southern Highlands'),
(1882, 86, 'Western'),
(1883, 86, 'Western Highlands'),
(1884, 86, 'West New Britain'),
(1885, 87, ''),
(1886, 87, 'Apia'),
(1887, 87, ''),
(1888, 87, 'Aiga-i-le-Tai'),
(1889, 87, 'Atua'),
(1890, 87, 'Gagaifomauga'),
(1891, 87, 'Palauli'),
(1892, 87, 'Tuamasaga'),
(1893, 87, 'Vaisigano'),
(1894, 88, ''),
(1895, 88, ''),
(1896, 88, 'Tongatapu'),
(1897, 89, ''),
(1898, 89, 'Fongafale'),
(1899, 90, ''),
(1900, 90, 'Port-Vila'),
(1901, 90, ''),
(1902, 90, 'Malampa'),
(1903, 90, 'Penama'),
(1904, 90, 'Sanma'),
(1905, 90, 'Shefa'),
(1906, 90, 'Tafea'),
(1907, 90, 'Torba'),
(1908, 91, ''),
(1909, 91, 'The Valley'),
(1910, 92, ''),
(1911, 92, 'Saint John'),
(1912, 92, ''),
(1913, 92, 'Barbuda'),
(1914, 92, 'Redonda'),
(1915, 92, 'Saint George'),
(1916, 92, 'Saint Mary'),
(1917, 92, 'Saint Paul'),
(1918, 92, 'Saint Peter'),
(1919, 92, 'Saint Philip'),
(1920, 93, ''),
(1921, 93, 'Oranjestad'),
(1922, 94, ''),
(1923, 94, 'Nassau'),
(1924, 94, ''),
(1925, 94, 'Acklins/Crooked Islands'),
(1926, 94, 'Bimini'),
(1927, 94, 'Cat Island'),
(1928, 94, 'Exuma'),
(1929, 94, 'Freeport'),
(1930, 94, 'Fresh Creek'),
(1931, 94, 'Green Turtle Cay'),
(1932, 94, 'Harbour Island'),
(1933, 94, 'High Rock'),
(1934, 94, 'Inagua'),
(1935, 94, 'Kemps Bay'),
(1936, 94, 'Long Island'),
(1937, 94, 'Marsh Harbour'),
(1938, 94, 'Mayaguana'),
(1939, 94, 'New Providence'),
(1940, 94, 'Nichollstown/Berry Islands'),
(1941, 94, 'Ragged Island'),
(1942, 94, 'Rock Sound'),
(1943, 94, 'Sandy Point'),
(1944, 94, 'San Salvador/Rum Cay'),
(1945, 95, ''),
(1946, 95, 'Bridgetown'),
(1947, 95, ''),
(1948, 95, 'Christ Church'),
(1949, 95, 'Saint Andrew'),
(1950, 95, 'Saint George'),
(1951, 95, 'Saint James'),
(1952, 95, 'Saint John'),
(1953, 95, 'Saint Joseph'),
(1954, 95, 'Saint Lucy'),
(1955, 95, 'Saint Michael'),
(1956, 95, 'Saint Peter'),
(1957, 95, 'Saint Philip'),
(1958, 95, 'Saint Thomas'),
(1959, 97, ''),
(1960, 97, 'Havana'),
(1961, 97, ''),
(1962, 97, 'Camaguey'),
(1963, 97, 'Ciego de Avila'),
(1964, 97, 'Cienfuegos'),
(1965, 97, 'Ciudad de La Habana'),
(1966, 97, 'Granma'),
(1967, 97, 'Guantanamo'),
(1968, 97, 'Holguin'),
(1969, 97, 'Isla de la Juventud'),
(1970, 97, 'La Habana'),
(1971, 97, 'Las Tunas'),
(1972, 97, 'Matanzas'),
(1973, 97, 'Pinar del Rio'),
(1974, 97, 'Sancti Spiritus'),
(1975, 97, 'Santiago de Cuba'),
(1976, 97, 'Villa Clara'),
(1977, 98, ''),
(1978, 98, 'Roseau'),
(1979, 98, ''),
(1980, 98, 'Saint Andrew'),
(1981, 98, 'Saint David'),
(1982, 98, 'Saint George'),
(1983, 98, 'Saint John'),
(1984, 98, 'Saint Joseph'),
(1985, 98, 'Saint Luke'),
(1986, 98, 'Saint Mark'),
(1987, 98, 'Saint Patrick'),
(1988, 98, 'Saint Paul'),
(1989, 98, 'Saint Peter'),
(1990, 99, ''),
(1991, 99, 'Santo Domingo'),
(1992, 99, ''),
(1993, 99, 'Azua'),
(1994, 99, 'Baoruco'),
(1995, 99, 'Barahona'),
(1996, 99, 'Dajabon'),
(1997, 99, 'Distrito Nacional'),
(1998, 99, 'Duarte'),
(1999, 99, 'Elias Pina'),
(2000, 99, 'El Seibo'),
(2001, 99, 'Espaillat'),
(2002, 99, 'Hato Mayor'),
(2003, 99, 'Independencia'),
(2004, 99, 'La Altagracia'),
(2005, 99, 'La Romana'),
(2006, 99, 'La Vega'),
(2007, 99, 'Maria Trinidad Sanchez'),
(2008, 99, 'Monsenor Nouel'),
(2009, 99, 'Monte Cristi'),
(2010, 99, 'Monte Plata'),
(2011, 99, 'Pedernales'),
(2012, 99, 'Peravia'),
(2013, 99, 'Puerto Plata'),
(2014, 99, 'Salcedo'),
(2015, 99, 'Samana'),
(2016, 99, 'Sanchez Ramirez'),
(2017, 99, 'San Cristobal'),
(2018, 99, 'San Juan'),
(2019, 99, 'San Pedro de Macoris'),
(2020, 99, 'Santiago'),
(2021, 99, 'Santiago Rodriguez'),
(2022, 99, 'Valverde'),
(2023, 100, ''),
(2024, 100, ''),
(2025, 100, 'Carriacou/Petit Martinique'),
(2026, 100, 'Saint Andrew'),
(2027, 100, 'Saint David'),
(2028, 100, 'Saint John'),
(2029, 100, 'Saint Mark'),
(2030, 100, 'Saint Patrick'),
(2031, 101, ''),
(2032, 101, 'Basse-Terre'),
(2033, 102, ''),
(2034, 102, 'Port-au-Prince'),
(2035, 102, ''),
(2036, 102, 'Artibonite'),
(2037, 102, 'Centre'),
(2038, 102, 'Nord'),
(2039, 102, 'Nord-Est'),
(2040, 102, 'Nord-Ouest'),
(2041, 102, 'Ouest'),
(2042, 102, 'Sud'),
(2043, 102, 'Sud-Est'),
(2044, 103, ''),
(2045, 103, 'Kingston'),
(2046, 103, ''),
(2047, 103, 'Clarendon'),
(2048, 103, 'Hanover'),
(2049, 103, 'Manchester'),
(2050, 103, 'Portland'),
(2051, 103, 'Saint Andrew'),
(2052, 103, 'Saint Ann'),
(2053, 103, 'Saint Catherine'),
(2054, 103, 'Saint Elizabeth'),
(2055, 103, 'Saint James'),
(2056, 103, 'Saint Mary'),
(2057, 103, 'Saint Thomas'),
(2058, 103, 'Trelawny'),
(2059, 103, 'Westmoreland'),
(2060, 104, ''),
(2061, 104, 'Fort-de-France'),
(2062, 105, ''),
(2063, 105, 'Brades Estate'),
(2064, 105, 'Plymouth'),
(2065, 105, ''),
(2066, 105, 'Saint Anthony'),
(2067, 105, 'Saint Georges'),
(2068, 105, 'Saint Peter'),
(2069, 106, ''),
(2070, 106, 'Willemstad'),
(2071, 107, ''),
(2072, 107, 'San Juan'),
(2073, 107, ''),
(2074, 107, 'Adjuntas'),
(2075, 107, 'Aguada'),
(2076, 107, 'Aguadilla'),
(2077, 107, 'Aguas Buenas'),
(2078, 107, 'Aibonito'),
(2079, 107, 'Anasco'),
(2080, 107, 'Arecibo'),
(2081, 107, 'Arroyo'),
(2082, 107, 'Barceloneta'),
(2083, 107, 'Barranquitas'),
(2084, 107, 'Bayamon'),
(2085, 107, 'Cabo Rojo'),
(2086, 107, 'Caguas'),
(2087, 107, 'Camuy'),
(2088, 107, 'Canovanas'),
(2089, 107, 'Carolina'),
(2090, 107, 'Catano'),
(2091, 107, 'Cayey'),
(2092, 107, 'Ceiba'),
(2093, 107, 'Ciales'),
(2094, 107, 'Cidra'),
(2095, 107, 'Coamo'),
(2096, 107, 'Comerio'),
(2097, 107, 'Corozal'),
(2098, 107, 'Culebra'),
(2099, 107, 'Dorado'),
(2100, 107, 'Fajardo'),
(2101, 107, 'Florida'),
(2102, 107, 'Guanica'),
(2103, 107, 'Guayama'),
(2104, 107, 'Guayanilla'),
(2105, 107, 'Guaynabo'),
(2106, 107, 'Gurabo'),
(2107, 107, 'Hatillo'),
(2108, 107, 'Hormigueros'),
(2109, 107, 'Humacao'),
(2110, 107, 'Isabela'),
(2111, 107, 'Jayuya'),
(2112, 107, 'Juana Diaz'),
(2113, 107, 'Juncos'),
(2114, 107, 'Lajas'),
(2115, 107, 'Lares'),
(2116, 107, 'Las Marias'),
(2117, 107, 'Las Piedras'),
(2118, 107, 'Loiza'),
(2119, 107, 'Luquillo'),
(2120, 107, 'Manati'),
(2121, 107, 'Maricao'),
(2122, 107, 'Maunabo'),
(2123, 107, 'Mayaguez'),
(2124, 107, 'Moca'),
(2125, 107, 'Morovis'),
(2126, 107, 'Naguabo'),
(2127, 107, 'Naranjito'),
(2128, 107, 'Orocovis'),
(2129, 107, 'Patillas'),
(2130, 107, 'Penuelas'),
(2131, 107, 'Ponce'),
(2132, 107, 'Quebradillas'),
(2133, 107, 'Rincon'),
(2134, 107, 'Rio Grande'),
(2135, 107, 'Sabana Grande'),
(2136, 107, 'Salinas'),
(2137, 107, 'San German'),
(2138, 107, 'San Lorenzo'),
(2139, 107, 'San Sebastian'),
(2140, 107, 'Santa Isabel'),
(2141, 107, 'Toa Alta'),
(2142, 107, 'Toa Baja'),
(2143, 107, 'Trujillo Alto'),
(2144, 107, 'Utuado'),
(2145, 107, 'Vega Alta'),
(2146, 107, 'Vega Baja'),
(2147, 107, 'Vieques'),
(2148, 107, 'Villalba'),
(2149, 107, 'Yabucoa'),
(2150, 107, 'Yauco'),
(2151, 108, ''),
(2152, 109, ''),
(2153, 109, 'Basseterre'),
(2154, 109, ''),
(2155, 109, 'Christ Church Nichola Town'),
(2156, 109, 'St. Anne Sandy Point'),
(2157, 109, 'St. George Basseterre'),
(2158, 109, 'St. George Gingerland'),
(2159, 109, 'St. James Windward'),
(2160, 109, 'St. John Capesterre'),
(2161, 109, 'St. John Figtree'),
(2162, 109, 'St. Mary Cayon'),
(2163, 109, 'St. Paul Capesterre'),
(2164, 109, 'St. Paul Charlestown'),
(2165, 109, 'St. Peter Basseterre'),
(2166, 109, 'St. Thomas Lowland'),
(2167, 109, 'St. Thomas Middle Island'),
(2168, 109, 'Trinity Palmetto Point'),
(2169, 110, ''),
(2170, 110, 'Castries'),
(2171, 110, ''),
(2172, 110, 'Anse-la-Raye'),
(2173, 110, 'Castries'),
(2174, 110, 'Choiseul'),
(2175, 110, 'Dauphin'),
(2176, 110, 'Dennery'),
(2177, 110, 'Gros-Islet'),
(2178, 110, 'Laborie'),
(2179, 110, 'Micoud'),
(2180, 110, 'Praslin'),
(2181, 110, 'Soufriere'),
(2182, 110, 'Vieux-Fort'),
(2183, 111, ''),
(2184, 112, ''),
(2185, 112, 'Kingstown'),
(2186, 112, ''),
(2187, 112, 'Charlotte'),
(2188, 112, 'Grenadines'),
(2189, 112, 'Saint Andrew'),
(2190, 112, 'Saint David'),
(2191, 112, 'Saint George'),
(2192, 112, 'Saint Patrick'),
(2193, 113, ''),
(2194, 114, ''),
(2195, 114, 'Port-of-Spain'),
(2196, 114, ''),
(2197, 114, 'Arima'),
(2198, 114, 'Caroni'),
(2199, 114, 'Mayaro'),
(2200, 114, 'Nariva'),
(2201, 114, 'Saint Andrew'),
(2202, 114, 'Saint David'),
(2203, 114, 'Saint George'),
(2204, 114, 'Saint Patrick'),
(2205, 114, 'San Fernando'),
(2206, 114, 'Tobago'),
(2207, 114, 'Victoria'),
(2208, 115, ''),
(2209, 115, 'Grand Turk (Cockburn Town)'),
(2210, 116, ''),
(2211, 116, 'Belmopan'),
(2212, 116, ''),
(2213, 116, 'Belize'),
(2214, 116, 'Cayo'),
(2215, 116, 'Corozal'),
(2216, 116, 'Orange Walk'),
(2217, 116, 'Stann Creek'),
(2218, 116, 'Toledo'),
(2219, 117, ''),
(2220, 117, 'San Jose'),
(2221, 117, ''),
(2222, 117, 'Alajuela'),
(2223, 117, 'Cartago'),
(2224, 117, 'Guanacaste'),
(2225, 117, 'Heredia'),
(2226, 117, 'Limon'),
(2227, 117, 'Puntarenas'),
(2228, 118, ''),
(2229, 118, 'San Salvador'),
(2230, 118, ''),
(2231, 118, 'Ahuachapan'),
(2232, 118, 'Cabanas'),
(2233, 118, 'Chalatenango'),
(2234, 118, 'Cuscatlan'),
(2235, 118, 'La Libertad'),
(2236, 118, 'La Paz'),
(2237, 118, 'La Union'),
(2238, 118, 'Morazan'),
(2239, 118, 'San Miguel'),
(2240, 118, 'Santa Ana'),
(2241, 118, 'San Vicente'),
(2242, 118, 'Sonsonate'),
(2243, 118, 'Usulutan'),
(2244, 119, ''),
(2245, 119, 'Guatemala'),
(2246, 119, ''),
(2247, 119, 'Alta Verapaz'),
(2248, 119, 'Baja Verapaz'),
(2249, 119, 'Chimaltenango'),
(2250, 119, 'Chiquimula'),
(2251, 119, 'El Progreso'),
(2252, 119, 'Escuintla'),
(2253, 119, 'Guatemala'),
(2254, 119, 'Huehuetenango'),
(2255, 119, 'Izabal'),
(2256, 119, 'Jalapa'),
(2257, 119, 'Jutiapa'),
(2258, 119, 'Peten'),
(2259, 119, 'Quetzaltenango'),
(2260, 119, 'Quiche'),
(2261, 119, 'Retalhuleu'),
(2262, 119, 'Sacatepequez'),
(2263, 119, 'San Marcos'),
(2264, 119, 'Santa Rosa'),
(2265, 119, 'Solola'),
(2266, 119, 'Suchitepequez'),
(2267, 119, 'Totonicapan'),
(2268, 119, 'Zacapa'),
(2269, 120, ''),
(2270, 120, 'Tegucigalpa'),
(2271, 120, ''),
(2272, 120, 'Atlantida'),
(2273, 120, 'Choluteca'),
(2274, 120, 'Colon'),
(2275, 120, 'Comayagua'),
(2276, 120, 'Copan'),
(2277, 120, 'Cortes'),
(2278, 120, 'El Paraiso'),
(2279, 120, 'Francisco Morazan'),
(2280, 120, 'Gracias a Dios'),
(2281, 120, 'Intibuca'),
(2282, 120, 'Islas de la Bahia'),
(2283, 120, 'La Paz'),
(2284, 120, 'Lempira'),
(2285, 120, 'Ocotepeque'),
(2286, 120, 'Olancho'),
(2287, 120, 'Santa Barbara'),
(2288, 120, 'Valle'),
(2289, 120, 'Yoro'),
(2290, 121, ''),
(2291, 121, 'Managua'),
(2292, 121, ''),
(2293, 121, 'Boaco'),
(2294, 121, 'Carazo'),
(2295, 121, 'Chinandega'),
(2296, 121, 'Chontales'),
(2297, 121, 'Esteli'),
(2298, 121, 'Granada'),
(2299, 121, 'Jinotega'),
(2300, 121, 'Leon'),
(2301, 121, 'Madriz'),
(2302, 121, 'Managua');
INSERT INTO `location_province` (`id`, `country_id`, `name`) VALUES
(2303, 121, 'Masaya'),
(2304, 121, 'Matagalpa'),
(2305, 121, 'Nueva Segovia'),
(2306, 121, 'Rio San Juan'),
(2307, 121, 'Rivas'),
(2308, 121, 'Atlantico Norte'),
(2309, 121, 'Atlantico Sur'),
(2310, 122, ''),
(2311, 122, 'Panama'),
(2312, 122, ''),
(2313, 122, 'Bocas del Toro'),
(2314, 122, 'Chiriqui'),
(2315, 122, 'Cocle'),
(2316, 122, 'Colon'),
(2317, 122, 'Darien'),
(2318, 122, 'Herrera'),
(2319, 122, 'Los Santos'),
(2320, 122, 'San Blas'),
(2321, 122, 'Veraguas'),
(2322, 123, ''),
(2323, 123, 'Tirana'),
(2324, 123, ''),
(2325, 123, 'Berat'),
(2326, 123, 'Bulqize'),
(2327, 123, 'Delvine'),
(2328, 123, 'Devoll'),
(2329, 123, 'Diber'),
(2330, 123, 'Durres'),
(2331, 123, 'Elbasan'),
(2332, 123, 'Fier'),
(2333, 123, 'Gjirokaster'),
(2334, 123, 'Gramsh'),
(2335, 123, 'Has'),
(2336, 123, 'Kavaje'),
(2337, 123, 'Kolonje'),
(2338, 123, 'Korce'),
(2339, 123, 'Kruje'),
(2340, 123, 'Kucove'),
(2341, 123, 'Kukes'),
(2342, 123, 'Kurbin'),
(2343, 123, 'Lezhe'),
(2344, 123, 'Librazhd'),
(2345, 123, 'Lushnje'),
(2346, 123, 'Malesi e Madhe'),
(2347, 123, 'Mallakaster'),
(2348, 123, 'Mat'),
(2349, 123, 'Mirdite'),
(2350, 123, 'Peqin'),
(2351, 123, 'Permet'),
(2352, 123, 'Pogradec'),
(2353, 123, 'Puke'),
(2354, 123, 'Sarande'),
(2355, 123, 'Shkoder'),
(2356, 123, 'Skrapar'),
(2357, 123, 'Tepelene'),
(2358, 123, 'Tirane'),
(2359, 123, 'Tropoje'),
(2360, 123, 'Vlore'),
(2361, 124, ''),
(2362, 124, 'Andorra la Vella'),
(2363, 124, ''),
(2364, 124, 'Canillo'),
(2365, 124, 'Encamp'),
(2366, 124, 'La Massana'),
(2367, 124, 'Escaldes-Engordany'),
(2368, 124, 'Ordino'),
(2369, 124, 'Sant Julia de Loria'),
(2370, 125, ''),
(2371, 125, 'Vienna'),
(2372, 125, ''),
(2373, 125, 'Burgenland'),
(2374, 125, 'Kaernten'),
(2375, 125, 'Niederoesterreich'),
(2376, 125, 'Oberoesterreich'),
(2377, 125, 'Salzburg'),
(2378, 125, 'Steiermark'),
(2379, 125, 'Tirol'),
(2380, 125, 'Vorarlberg'),
(2381, 125, 'Wien'),
(2382, 126, ''),
(2383, 126, 'Minsk'),
(2384, 126, ''),
(2385, 126, 'Brest'),
(2386, 126, 'Horad Minsk'),
(2387, 126, ''),
(2388, 126, 'Hrodna'),
(2389, 126, 'Mahilyow'),
(2390, 126, 'Vitsyebsk'),
(2391, 127, ''),
(2392, 127, 'Brussels'),
(2393, 127, ''),
(2394, 127, 'Antwerpen'),
(2395, 127, 'Brabant Wallon'),
(2396, 127, 'Brussels (Bruxelles)'),
(2397, 127, 'Hainaut'),
(2398, 127, 'Liege'),
(2399, 127, 'Limburg'),
(2400, 127, 'Luxembourg'),
(2401, 127, 'Namur'),
(2402, 127, 'Oost-Vlaanderen'),
(2403, 127, 'Vlaams-Brabant'),
(2404, 127, 'West-Vlaanderen'),
(2405, 129, ''),
(2406, 129, 'Sofiya'),
(2407, 129, ''),
(2408, 129, 'Blagoevgrad'),
(2409, 129, 'Burgas'),
(2410, 129, 'Dobrich'),
(2411, 129, 'Gabrovo'),
(2412, 129, 'Khaskovo'),
(2413, 129, 'Kurdzhali'),
(2414, 129, 'Kyustendil'),
(2415, 129, 'Lovech'),
(2416, 129, 'Montana'),
(2417, 129, 'Pazardzhik'),
(2418, 129, 'Pernik'),
(2419, 129, 'Pleven'),
(2420, 129, 'Plovdiv'),
(2421, 129, 'Razgrad'),
(2422, 129, 'Ruse'),
(2423, 129, 'Shumen'),
(2424, 129, 'Silistra'),
(2425, 129, 'Sliven'),
(2426, 129, 'Smolyan'),
(2427, 129, 'Sofiya-Grad'),
(2428, 129, 'Stara Zagora'),
(2429, 129, 'Turgovishte'),
(2430, 129, 'Varna'),
(2431, 129, 'Veliko Turnovo'),
(2432, 129, 'Vidin'),
(2433, 129, 'Vratsa'),
(2434, 129, 'Yambol'),
(2435, 130, ''),
(2436, 130, 'Zagreb'),
(2437, 130, ''),
(2438, 130, 'Bjelovarsko-Bilogorska'),
(2439, 130, 'Brodsko-Posavska'),
(2440, 130, 'Dubrovacko-Neretvanska'),
(2441, 130, 'Istarska'),
(2442, 130, 'Karlovacka'),
(2443, 130, 'Koprivnicko-Krizevacka'),
(2444, 130, 'Krapinsko-Zagorska'),
(2445, 130, 'Licko-Senjska'),
(2446, 130, 'Medimurska'),
(2447, 130, 'Osjecko-Baranjska'),
(2448, 130, 'Pozesko-Slavonska'),
(2449, 130, 'Primorsko-Goranska'),
(2450, 130, 'Sibensko-Kninska'),
(2451, 130, 'Sisacko-Moslavacka'),
(2452, 130, 'Splitsko-Dalmatinska'),
(2453, 130, 'Varazdinska'),
(2454, 130, 'Viroviticko-Podravska'),
(2455, 130, 'Vukovarsko-Srijemska'),
(2456, 130, 'Zadarska'),
(2457, 130, 'Zagrebacka'),
(2458, 131, ''),
(2459, 131, 'Prague (Praha)'),
(2460, 131, ''),
(2461, 131, 'Jihocesky'),
(2462, 131, 'Jihomoravsky'),
(2463, 131, 'Karlovarsky'),
(2464, 131, 'Kralovehradecky'),
(2465, 131, 'Liberecky'),
(2466, 131, 'Moravskoslezsky'),
(2467, 131, 'Olomoucky'),
(2468, 131, 'Pardubicky'),
(2469, 131, 'Plzensky'),
(2470, 131, 'Stredocesky'),
(2471, 131, 'Ustecky'),
(2472, 131, 'Vysocina'),
(2473, 131, 'Zlinsky'),
(2474, 132, ''),
(2475, 132, 'Copenhagen (Kobenhavn)'),
(2476, 132, ''),
(2477, 132, 'Arhus'),
(2478, 132, 'Bornholm'),
(2479, 132, 'Fredericksberg'),
(2480, 132, 'Frederiksborg'),
(2481, 132, 'Fyn'),
(2482, 132, 'Kobenhavns'),
(2483, 132, 'Nordjylland'),
(2484, 132, 'Ribe'),
(2485, 132, 'Ringkobing'),
(2486, 132, 'Roskilde'),
(2487, 132, 'Sonderjylland'),
(2488, 132, 'Storstrom'),
(2489, 132, 'Vejle'),
(2490, 132, 'Vestsjalland'),
(2491, 132, 'Viborg'),
(2492, 133, ''),
(2493, 133, 'Harjumaa (Tallinn)'),
(2494, 133, ''),
(2495, 133, 'Hiiumaa (Kardla)'),
(2496, 133, 'Ida-Virumaa (Johvi)'),
(2497, 133, 'Jarvamaa (Paide)'),
(2498, 133, 'Jogevamaa (Jogeva)'),
(2499, 133, 'Laanemaa (Haapsalu)'),
(2500, 133, 'Laane-Virumaa (Rakvere)'),
(2501, 133, 'Parnumaa (Parnu)'),
(2502, 133, 'Polvamaa (Polva)'),
(2503, 133, 'Raplamaa (Rapla)'),
(2504, 133, 'Saaremaa (Kuressaare)'),
(2505, 133, 'Tartumaa (Tartu)'),
(2506, 133, 'Valgamaa (Valga)'),
(2507, 133, 'Viljandimaa (Viljandi)'),
(2508, 133, 'Vorumaa (Voru)'),
(2509, 134, ''),
(2510, 134, 'Helsinki'),
(2511, 134, ''),
(2512, 134, 'Aland'),
(2513, 134, 'Etela-Suomen Laani'),
(2514, 134, 'Ita-Suomen Laani'),
(2515, 134, 'Lansi-Suomen Laani'),
(2516, 134, 'Lappi'),
(2517, 134, 'Oulun Laani'),
(2518, 135, ''),
(2519, 135, 'Paris'),
(2520, 135, ''),
(2521, 135, 'Alsace'),
(2522, 135, 'Aquitaine'),
(2523, 135, 'Auvergne'),
(2524, 135, 'Basse-Normandie'),
(2525, 135, 'Bourgogne'),
(2526, 135, 'Bretagne'),
(2527, 135, 'Centre'),
(2528, 135, 'Champagne-Ardenne'),
(2529, 135, 'Corse'),
(2530, 135, 'Franche-Comte'),
(2531, 135, 'Haute-Normandie'),
(2532, 135, 'Ile-de-France'),
(2533, 135, 'Languedoc-Roussillon'),
(2534, 135, 'Limousin'),
(2535, 135, 'Lorraine'),
(2536, 135, 'Midi-Pyrenees'),
(2537, 135, 'Nord-Pas-de-Calais'),
(2538, 135, 'Pays de la Loire'),
(2539, 135, 'Picardie'),
(2540, 135, 'Poitou-Charentes'),
(2541, 135, 'Rhone-Alpes'),
(2542, 136, ''),
(2543, 136, ''),
(2544, 136, 'Gori'),
(2545, 136, 'Guria'),
(2546, 136, 'Imereti'),
(2547, 136, 'Kakheti'),
(2548, 136, 'Kvemo Kartli'),
(2549, 136, 'Mtskheta-Mtianeti'),
(2550, 136, 'Racha-Lechkhumi/Kvemo Svaneti'),
(2551, 136, 'Samegrelo/Zemo Svaneti'),
(2552, 136, 'Samtskhe-Javakheti'),
(2553, 136, 'Shida Kartli'),
(2554, 136, 'Sokhumi'),
(2555, 136, 'Tqibuli'),
(2556, 136, 'Tsqaltubo'),
(2557, 136, 'Zugdidi'),
(2558, 137, ''),
(2559, 137, 'Berlin'),
(2560, 137, ''),
(2561, 137, 'Baden-Wuerttemberg'),
(2562, 137, 'Bayern'),
(2563, 137, 'Berlin'),
(2564, 137, 'Brandenburg'),
(2565, 137, 'Bremen'),
(2566, 137, 'Hamburg'),
(2567, 137, 'Hessen'),
(2568, 137, 'Mecklenburg-Vorpommern'),
(2569, 137, 'Niedersachsen'),
(2570, 137, 'Nordrhein-Westfalen'),
(2571, 137, 'Rheinland-Pfalz'),
(2572, 137, 'Saarland'),
(2573, 137, 'Sachsen'),
(2574, 137, 'Sachsen-Anhalt'),
(2575, 137, 'Schleswig-Holstein'),
(2576, 137, 'Thueringen'),
(2577, 138, ''),
(2578, 138, 'Athens'),
(2579, 138, ''),
(2580, 138, 'Agion Oros (Mt. Athos)'),
(2581, 138, 'Achaia'),
(2582, 138, 'Aitolia kai Akarmania'),
(2583, 138, 'Argolis'),
(2584, 138, 'Arkadia'),
(2585, 138, 'Arta'),
(2586, 138, 'Attiki'),
(2587, 138, 'Chalkidiki'),
(2588, 138, 'Chanion'),
(2589, 138, 'Chios'),
(2590, 138, 'Dodekanisos'),
(2591, 138, 'Drama'),
(2592, 138, 'Evros'),
(2593, 138, 'Evrytania'),
(2594, 138, 'Evvoia'),
(2595, 138, 'Florina'),
(2596, 138, 'Fokidos'),
(2597, 138, 'Fthiotis'),
(2598, 138, 'Grevena'),
(2599, 138, 'Ileia'),
(2600, 138, 'Imathia'),
(2601, 138, 'Ioannina'),
(2602, 138, 'Irakleion'),
(2603, 138, 'Karditsa'),
(2604, 138, 'Kastoria'),
(2605, 138, 'Kavala'),
(2606, 138, 'Kefallinia'),
(2607, 138, 'Kerkyra'),
(2608, 138, 'Kilkis'),
(2609, 138, 'Korinthia'),
(2610, 138, 'Kozani'),
(2611, 138, 'Kyklades'),
(2612, 138, 'Lakonia'),
(2613, 138, 'Larisa'),
(2614, 138, 'Lasithi'),
(2615, 138, 'Lefkas'),
(2616, 138, 'Lesvos'),
(2617, 138, 'Magnisia'),
(2618, 138, 'Messinia'),
(2619, 138, 'Pella'),
(2620, 138, 'Pieria'),
(2621, 138, 'Preveza'),
(2622, 138, 'Rethynnis'),
(2623, 138, 'Rodopi'),
(2624, 138, 'Samos'),
(2625, 138, 'Serrai'),
(2626, 138, 'Thesprotia'),
(2627, 138, 'Thessaloniki'),
(2628, 138, 'Trikala'),
(2629, 138, 'Voiotia'),
(2630, 138, 'Xanthi'),
(2631, 138, 'Zakynthos'),
(2632, 139, ''),
(2633, 139, 'Budapest'),
(2634, 139, ''),
(2635, 139, 'Bacs-Kiskun'),
(2636, 139, 'Baranya'),
(2637, 139, 'Bekes'),
(2638, 139, 'Bekescsaba'),
(2639, 139, 'Borsod-Abauj-Zemplen'),
(2640, 139, 'Csongrad'),
(2641, 139, 'Debrecen'),
(2642, 139, 'Dunaujvaros'),
(2643, 139, 'Eger'),
(2644, 139, 'Fejer'),
(2645, 139, 'Gyor'),
(2646, 139, 'Gyor-Moson-Sopron'),
(2647, 139, 'Hajdu-Bihar'),
(2648, 139, 'Heves'),
(2649, 139, 'Hodmezovasarhely'),
(2650, 139, 'Jasz-Nagykun-Szolnok'),
(2651, 139, 'Kaposvar'),
(2652, 139, 'Kecskemet'),
(2653, 139, 'Komarom-Esztergom'),
(2654, 139, 'Miskolc'),
(2655, 139, 'Nagykanizsa'),
(2656, 139, 'Nograd'),
(2657, 139, 'Nyiregyhaza'),
(2658, 139, 'Pecs'),
(2659, 139, 'Pest'),
(2660, 139, 'Somogy'),
(2661, 139, 'Sopron'),
(2662, 139, 'Szabolcs-Szatmar-Bereg'),
(2663, 139, 'Szeged'),
(2664, 139, 'Szekesfehervar'),
(2665, 139, 'Szolnok'),
(2666, 139, 'Szombathely'),
(2667, 139, 'Tatabanya'),
(2668, 139, 'Tolna'),
(2669, 139, 'Vas'),
(2670, 139, 'Veszprem'),
(2671, 139, 'Veszprem'),
(2672, 139, 'Zala'),
(2673, 139, 'Zalaegerszeg'),
(2674, 140, ''),
(2675, 140, 'Reykjavik'),
(2676, 140, ''),
(2677, 140, 'Akranes'),
(2678, 140, 'Akureyri'),
(2679, 140, 'Arnessysla'),
(2680, 140, 'Austur-Bardhastrandarsysla'),
(2681, 140, 'Austur-Hunavatnssysla'),
(2682, 140, 'Austur-Skaftafellssysla'),
(2683, 140, 'Borgarfjardharsysla'),
(2684, 140, 'Dalasysla'),
(2685, 140, 'Eyjafjardharsysla'),
(2686, 140, 'Gullbringusysla'),
(2687, 140, 'Hafnarfjordhur'),
(2688, 140, 'Husavik'),
(2689, 140, 'Isafjordhur'),
(2690, 140, 'Keflavik'),
(2691, 140, 'Kjosarsysla'),
(2692, 140, 'Kopavogur'),
(2693, 140, 'Myrasysla'),
(2694, 140, 'Neskaupstadhur'),
(2695, 140, 'Nordhur-Isafjardharsysla'),
(2696, 140, 'Nordhur-Mulasys-la'),
(2697, 140, 'Nordhur-Thingeyjarsysla'),
(2698, 140, 'Olafsfjordhur'),
(2699, 140, 'Rangarvallasysla'),
(2700, 140, 'Saudharkrokur'),
(2701, 140, 'Seydhisfjordhur'),
(2702, 140, 'Siglufjordhur'),
(2703, 140, 'Skagafjardharsysla'),
(2704, 140, 'Snaefellsnes-og Hnappadalssysla'),
(2705, 140, 'Strandasysla'),
(2706, 140, 'Sudhur-Mulasysla'),
(2707, 140, 'Sudhur-Thingeyjarsysla'),
(2708, 140, 'Vesttmannaeyjar'),
(2709, 140, 'Vestur-Bardhastrandarsysla'),
(2710, 140, 'Vestur-Hunavatnssysla'),
(2711, 140, 'Vestur-Isafjardharsysla'),
(2712, 140, 'Vestur-Skaftafellssysla'),
(2713, 141, ''),
(2714, 141, 'Dublin'),
(2715, 141, ''),
(2716, 141, 'Carlow'),
(2717, 141, 'Cavan'),
(2718, 141, 'Clare'),
(2719, 141, 'Cork'),
(2720, 141, 'Donegal'),
(2721, 141, 'Galway'),
(2722, 141, 'Kerry'),
(2723, 141, 'Kildare'),
(2724, 141, 'Kilkenny'),
(2725, 141, 'Laois'),
(2726, 141, 'Leitrim'),
(2727, 141, 'Limerick'),
(2728, 141, 'Longford'),
(2729, 141, 'Louth'),
(2730, 141, 'Mayo'),
(2731, 141, 'Meath'),
(2732, 141, 'Monaghan'),
(2733, 141, 'Offaly'),
(2734, 141, 'Roscommon'),
(2735, 141, 'Sligo'),
(2736, 141, 'Tipperary'),
(2737, 141, 'Waterford'),
(2738, 141, 'Westmeath'),
(2739, 141, 'Wexford'),
(2740, 141, 'Wicklow'),
(2741, 142, ''),
(2742, 142, 'Rome'),
(2743, 142, ''),
(2744, 142, 'Abruzzi'),
(2745, 142, 'Basilicata'),
(2746, 142, 'Calabria'),
(2747, 142, 'Campania'),
(2748, 142, 'Emilia-Romagna'),
(2749, 142, 'Friuli-Venezia Giulia'),
(2750, 142, 'Lazio'),
(2751, 142, 'Liguria'),
(2752, 142, 'Lombardia'),
(2753, 142, 'Marche'),
(2754, 142, 'Molise'),
(2755, 142, 'Piemonte'),
(2756, 142, 'Puglia'),
(2757, 142, 'Sardegna'),
(2758, 142, 'Sicilia'),
(2759, 142, 'Toscana'),
(2760, 142, 'Trentino-Alto Adige'),
(2761, 142, 'Umbria'),
(2762, 142, 'Veneto'),
(2763, 143, ''),
(2764, 143, 'Riga'),
(2765, 143, ''),
(2766, 143, 'Aizkraukles'),
(2767, 143, 'Aluksnes'),
(2768, 143, 'Balvu'),
(2769, 143, 'Bauskas'),
(2770, 143, 'Cesu'),
(2771, 143, 'Daugavpils'),
(2772, 143, 'Daugavpils'),
(2773, 143, 'Dobeles'),
(2774, 143, 'Gulbenes'),
(2775, 143, 'Jekabpils'),
(2776, 143, 'Jelgava'),
(2777, 143, 'Jelgavas'),
(2778, 143, 'Jurmala'),
(2779, 143, 'Kraslavas'),
(2780, 143, 'Kuldigas'),
(2781, 143, 'Liepaja'),
(2782, 143, 'Liepajas'),
(2783, 143, 'Limbazu'),
(2784, 143, 'Ludzas'),
(2785, 143, 'Madonas'),
(2786, 143, 'Ogres'),
(2787, 143, 'Preilu'),
(2788, 143, 'Rezekne'),
(2789, 143, 'Rezeknes'),
(2790, 143, 'Riga'),
(2791, 143, 'Rigas'),
(2792, 143, 'Saldus'),
(2793, 143, 'Talsu'),
(2794, 143, 'Tukuma'),
(2795, 143, 'Valkas'),
(2796, 143, 'Valmieras'),
(2797, 143, 'Ventspils'),
(2798, 143, 'Ventspils'),
(2799, 144, ''),
(2800, 144, 'Vaduz'),
(2801, 144, ''),
(2802, 144, 'Balzers'),
(2803, 144, 'Eschen'),
(2804, 144, 'Gamprin'),
(2805, 144, 'Mauren'),
(2806, 144, 'Planken'),
(2807, 144, 'Ruggell'),
(2808, 144, 'Schaan'),
(2809, 144, 'Schellenberg'),
(2810, 144, 'Triesen'),
(2811, 144, 'Triesenberg'),
(2812, 145, ''),
(2813, 145, 'Vilnius'),
(2814, 145, ''),
(2815, 145, 'Alytaus'),
(2816, 145, 'Kauno'),
(2817, 145, 'Klaipedos'),
(2818, 145, 'Marijampoles'),
(2819, 145, 'Panevezio'),
(2820, 145, 'Siauliu'),
(2821, 145, 'Taurages'),
(2822, 145, 'Telsiu'),
(2823, 145, 'Utenos'),
(2824, 146, ''),
(2825, 146, 'Luxembourg'),
(2826, 146, ''),
(2827, 146, 'Diekirch'),
(2828, 146, 'Grevenmacher'),
(2829, 147, ''),
(2830, 147, 'Skopje'),
(2831, 147, ''),
(2832, 147, 'Aracinovo'),
(2833, 147, 'Bac'),
(2834, 147, 'Belcista'),
(2835, 147, 'Berovo'),
(2836, 147, 'Bistrica'),
(2837, 147, 'Bitola'),
(2838, 147, 'Blatec'),
(2839, 147, 'Bogdanci'),
(2840, 147, 'Bogomila'),
(2841, 147, 'Bogovinje'),
(2842, 147, 'Bosilovo'),
(2843, 147, 'Brvenica'),
(2844, 147, 'Cair'),
(2845, 147, 'Capari'),
(2846, 147, 'Caska'),
(2847, 147, 'Cegrane'),
(2848, 147, 'Centar'),
(2849, 147, 'Centar Zupa'),
(2850, 147, 'Cesinovo'),
(2851, 147, 'Cucer-Sandevo'),
(2852, 147, 'Debar'),
(2853, 147, 'Delcevo'),
(2854, 147, 'Delogozdi'),
(2855, 147, 'Demir Hisar'),
(2856, 147, 'Demir Kapija'),
(2857, 147, 'Dobrusevo'),
(2858, 147, 'Dolna Banjica'),
(2859, 147, 'Dolneni'),
(2860, 147, 'Dorce Petrov'),
(2861, 147, 'Drugovo'),
(2862, 147, 'Dzepciste'),
(2863, 147, 'Gazi Baba'),
(2864, 147, 'Gevgelija'),
(2865, 147, 'Gostivar'),
(2866, 147, 'Gradsko'),
(2867, 147, 'Ilinden'),
(2868, 147, 'Izvor'),
(2869, 147, 'Jegunovce'),
(2870, 147, 'Kamenjane'),
(2871, 147, 'Karbinci'),
(2872, 147, 'Karpos'),
(2873, 147, 'Kavadarci'),
(2874, 147, 'Kicevo'),
(2875, 147, 'Kisela Voda'),
(2876, 147, 'Klecevce'),
(2877, 147, 'Kocani'),
(2878, 147, 'Konce'),
(2879, 147, 'Kondovo'),
(2880, 147, 'Konopiste'),
(2881, 147, 'Kosel'),
(2882, 147, 'Kratovo'),
(2883, 147, 'Kriva Palanka'),
(2884, 147, 'Krivogastani'),
(2885, 147, 'Krusevo'),
(2886, 147, 'Kuklis'),
(2887, 147, 'Kukurecani'),
(2888, 147, 'Kumanovo'),
(2889, 147, 'Labunista'),
(2890, 147, 'Lipkovo'),
(2891, 147, 'Lozovo'),
(2892, 147, 'Lukovo'),
(2893, 147, 'Makedonska Kamenica'),
(2894, 147, 'Makedonski Brod'),
(2895, 147, 'Mavrovi Anovi'),
(2896, 147, 'Meseista'),
(2897, 147, 'Miravci'),
(2898, 147, 'Mogila'),
(2899, 147, 'Murtino'),
(2900, 147, 'Negotino'),
(2901, 147, 'Negotino-Polosko'),
(2902, 147, 'Novaci'),
(2903, 147, 'Novo Selo'),
(2904, 147, 'Oblesevo'),
(2905, 147, 'Ohrid'),
(2906, 147, 'Orasac'),
(2907, 147, 'Orizari'),
(2908, 147, 'Oslomej'),
(2909, 147, 'Pehcevo'),
(2910, 147, 'Petrovec'),
(2911, 147, 'Plasnica'),
(2912, 147, 'Podares'),
(2913, 147, 'Prilep'),
(2914, 147, 'Probistip'),
(2915, 147, 'Radovis'),
(2916, 147, 'Rankovce'),
(2917, 147, 'Resen'),
(2918, 147, 'Rosoman'),
(2919, 147, 'Rostusa'),
(2920, 147, 'Samokov'),
(2921, 147, 'Saraj'),
(2922, 147, 'Sipkovica'),
(2923, 147, 'Sopiste'),
(2924, 147, 'Sopotnica'),
(2925, 147, 'Srbinovo'),
(2926, 147, 'Star Dojran'),
(2927, 147, 'Staravina'),
(2928, 147, 'Staro Nagoricane'),
(2929, 147, 'Stip'),
(2930, 147, 'Struga'),
(2931, 147, 'Strumica'),
(2932, 147, 'Studenicani'),
(2933, 147, 'Suto Orizari'),
(2934, 147, 'Sveti Nikole'),
(2935, 147, 'Tearce'),
(2936, 147, 'Tetovo'),
(2937, 147, 'Topolcani'),
(2938, 147, 'Valandovo'),
(2939, 147, 'Vasilevo'),
(2940, 147, 'Velesta'),
(2941, 147, 'Veles'),
(2942, 147, 'Vevcani'),
(2943, 147, 'Vinica'),
(2944, 147, 'Vitoliste'),
(2945, 147, 'Vranestica'),
(2946, 147, 'Vrapciste'),
(2947, 147, 'Vratnica'),
(2948, 147, 'Vrutok'),
(2949, 147, 'Zajas'),
(2950, 147, 'Zelenikovo'),
(2951, 147, 'Zeleno'),
(2952, 147, 'Zitose'),
(2953, 147, 'Zletovo'),
(2954, 147, 'Zrnovci'),
(2955, 148, ''),
(2956, 148, 'Valletta'),
(2957, 149, ''),
(2958, 149, 'Chisinau'),
(2959, 149, ''),
(2960, 149, 'Balti'),
(2961, 149, 'Cahul'),
(2962, 149, 'Chisinau'),
(2963, 149, 'Chisinau'),
(2964, 149, 'Edinet'),
(2965, 149, 'Gagauzia'),
(2966, 149, 'Lapusna'),
(2967, 149, 'Orhei'),
(2968, 149, 'Soroca'),
(2969, 149, 'Stinga Nistrului'),
(2970, 149, 'Tighina'),
(2971, 149, 'Ungheni'),
(2972, 150, ''),
(2973, 150, 'Monaco'),
(2974, 150, ''),
(2975, 150, 'Fontvieille'),
(2976, 150, 'La Condamine'),
(2977, 150, 'Monaco-Ville'),
(2978, 150, 'Monte-Carlo'),
(2979, 151, ''),
(2980, 151, 'Amsterdam'),
(2981, 151, 'The Hague'),
(2982, 151, ''),
(2983, 151, 'Drenthe'),
(2984, 151, 'Flevoland'),
(2985, 151, 'Friesland'),
(2986, 151, 'Gelderland'),
(2987, 151, 'Groningen'),
(2988, 151, 'Limburg'),
(2989, 151, 'Noord-Brabant'),
(2990, 151, 'Noord-Holland'),
(2991, 151, 'Overijssel'),
(2992, 151, 'Utrecht'),
(2993, 151, 'Zeeland'),
(2994, 151, 'Zuid-Holland'),
(2995, 152, ''),
(2996, 152, 'Oslo'),
(2997, 152, ''),
(2998, 152, 'Akershus'),
(2999, 152, 'Aust-Agder'),
(3000, 152, 'Buskerud'),
(3001, 152, 'Finnmark'),
(3002, 152, 'Hedmark'),
(3003, 152, 'Hordaland'),
(3004, 152, 'More og Romsdal'),
(3005, 152, 'Nordland'),
(3006, 152, 'Nord-Trondelag'),
(3007, 152, 'Oppland'),
(3008, 152, 'Ostfold'),
(3009, 152, 'Rogaland'),
(3010, 152, 'Sogn og Fjordane'),
(3011, 152, 'Sor-Trondelag'),
(3012, 152, 'Telemark'),
(3013, 152, 'Troms'),
(3014, 152, 'Vest-Agder'),
(3015, 152, 'Vestfold'),
(3016, 153, ''),
(3017, 153, 'Warsaw'),
(3018, 153, ''),
(3019, 153, 'Dolnoslaskie'),
(3020, 153, 'Kujawsko-Pomorskie'),
(3021, 153, 'Lodzkie'),
(3022, 153, 'Lubelskie'),
(3023, 153, 'Lubuskie'),
(3024, 153, 'Malopolskie'),
(3025, 153, 'Mazowieckie'),
(3026, 153, 'Opolskie'),
(3027, 153, 'Podkarpackie'),
(3028, 153, 'Podlaskie'),
(3029, 153, 'Pomorskie'),
(3030, 153, 'Slaskie'),
(3031, 153, 'Swietokrzyskie'),
(3032, 153, 'Warminsko-Mazurskie'),
(3033, 153, 'Wielkopolskie'),
(3034, 153, 'Zachodniopomorskie'),
(3035, 154, ''),
(3036, 154, 'Lisbon'),
(3037, 154, ''),
(3038, 154, 'Aveiro'),
(3039, 154, 'Acores (Azores)'),
(3040, 154, 'Beja'),
(3041, 154, 'Braga'),
(3042, 154, 'Braganca'),
(3043, 154, 'Castelo Branco'),
(3044, 154, 'Coimbra'),
(3045, 154, 'Evora'),
(3046, 154, 'Faro'),
(3047, 154, 'Guarda'),
(3048, 154, 'Leiria'),
(3049, 154, 'Lisboa'),
(3050, 154, 'Madeira'),
(3051, 154, 'Portalegre'),
(3052, 154, 'Porto'),
(3053, 154, 'Santarem'),
(3054, 154, 'Setubal'),
(3055, 154, 'Viana do Castelo'),
(3056, 154, 'Vila Real'),
(3057, 154, 'Viseu'),
(3058, 155, ''),
(3059, 155, 'Bucharest (Bucuresti)'),
(3060, 155, ''),
(3061, 155, 'Alba'),
(3062, 155, 'Arad'),
(3063, 155, 'Arges'),
(3064, 155, 'Bacau'),
(3065, 155, 'Bihor'),
(3066, 155, 'Bistrita-Nasaud'),
(3067, 155, 'Botosani'),
(3068, 155, 'Braila'),
(3069, 155, 'Brasov'),
(3070, 155, 'Buzau'),
(3071, 155, 'Calarasi'),
(3072, 155, 'Caras-Severin'),
(3073, 155, 'Cluj'),
(3074, 155, 'Constanta'),
(3075, 155, 'Covasna'),
(3076, 155, 'Dimbovita'),
(3077, 155, 'Dolj'),
(3078, 155, 'Galati'),
(3079, 155, 'Gorj'),
(3080, 155, 'Giurgiu'),
(3081, 155, 'Harghita'),
(3082, 155, 'Hunedoara'),
(3083, 155, 'Ialomita'),
(3084, 155, 'Iasi'),
(3085, 155, 'Ilfov'),
(3086, 155, 'Maramures'),
(3087, 155, 'Mehedinti'),
(3088, 155, 'Mures'),
(3089, 155, 'Neamt'),
(3090, 155, 'Olt'),
(3091, 155, 'Prahova'),
(3092, 155, 'Salaj'),
(3093, 155, 'Satu Mare'),
(3094, 155, 'Sibiu'),
(3095, 155, 'Suceava'),
(3096, 155, 'Teleorman'),
(3097, 155, 'Timis'),
(3098, 155, 'Tulcea'),
(3099, 155, 'Vaslui'),
(3100, 155, 'Vilcea'),
(3101, 155, 'Vrancea'),
(3102, 156, ''),
(3103, 156, 'San Marino'),
(3104, 156, ''),
(3105, 156, 'Acquaviva'),
(3106, 156, 'Borgo Maggiore'),
(3107, 156, 'Chiesanuova'),
(3108, 156, 'Domagnano'),
(3109, 156, 'Faetano'),
(3110, 156, 'Fiorentino'),
(3111, 156, 'Monte Giardino'),
(3112, 156, 'Serravalle'),
(3113, 157, ''),
(3114, 157, 'Belgrade'),
(3115, 157, ''),
(3116, 157, 'Kosovo'),
(3117, 157, 'Montenegro'),
(3118, 157, 'Serbia'),
(3119, 157, 'Vojvodina'),
(3120, 158, ''),
(3121, 158, 'Bratislava'),
(3122, 158, ''),
(3123, 158, 'Banskobystricky'),
(3124, 158, 'Kosicky'),
(3125, 158, 'Nitriansky'),
(3126, 158, 'Presovsky'),
(3127, 158, 'Trenciansky'),
(3128, 158, 'Trnavsky'),
(3129, 158, 'Zilinsky'),
(3130, 159, ''),
(3131, 159, 'Ljubljana'),
(3132, 159, ''),
(3133, 159, 'Ajdovscina'),
(3134, 159, 'Beltinci'),
(3135, 159, 'Bled'),
(3136, 159, 'Bohinj'),
(3137, 159, 'Borovnica'),
(3138, 159, 'Bovec'),
(3139, 159, 'Brda'),
(3140, 159, 'Brezice'),
(3141, 159, 'Brezovica'),
(3142, 159, 'Cankova-Tisina'),
(3143, 159, 'Celje'),
(3144, 159, 'Cerklje na Gorenjskem'),
(3145, 159, 'Cerknica'),
(3146, 159, 'Cerkno'),
(3147, 159, 'Crensovci'),
(3148, 159, 'Crna na Koroskem'),
(3149, 159, 'Crnomelj'),
(3150, 159, 'Destrnik-Trnovska Vas'),
(3151, 159, 'Divaca'),
(3152, 159, 'Dobrepolje'),
(3153, 159, 'Dobrova-Horjul-Polhov Gradec'),
(3154, 159, 'Dol pri Ljubljani'),
(3155, 159, 'Domzale'),
(3156, 159, 'Dornava'),
(3157, 159, 'Dravograd'),
(3158, 159, 'Duplek'),
(3159, 159, 'Gorenja Vas-Poljane'),
(3160, 159, 'Gorisnica'),
(3161, 159, 'Gornja Radgona'),
(3162, 159, 'Gornji Grad'),
(3163, 159, 'Gornji Petrovci'),
(3164, 159, 'Grosuplje'),
(3165, 159, 'Hodos Salovci'),
(3166, 159, 'Hrastnik'),
(3167, 159, 'Hrpelje-Kozina'),
(3168, 159, 'Idrija'),
(3169, 159, 'Ig'),
(3170, 159, 'Ilirska Bistrica'),
(3171, 159, 'Ivancna Gorica'),
(3172, 159, 'Izola'),
(3173, 159, 'Jesenice'),
(3174, 159, 'Jursinci'),
(3175, 159, 'Kamnik'),
(3176, 159, 'Kanal'),
(3177, 159, 'Kidricevo'),
(3178, 159, 'Kobarid'),
(3179, 159, 'Kobilje'),
(3180, 159, 'Kocevje'),
(3181, 159, 'Komen'),
(3182, 159, 'Koper'),
(3183, 159, 'Kozje'),
(3184, 159, 'Kranj'),
(3185, 159, 'Kranjska Gora'),
(3186, 159, 'Krsko'),
(3187, 159, 'Kungota'),
(3188, 159, 'Kuzma'),
(3189, 159, 'Lasko'),
(3190, 159, 'Lenart'),
(3191, 159, 'Lendava'),
(3192, 159, 'Litija'),
(3193, 159, 'Ljubno'),
(3194, 159, 'Ljutomer'),
(3195, 159, 'Logatec'),
(3196, 159, 'Loska Dolina'),
(3197, 159, 'Loski Potok'),
(3198, 159, 'Luce'),
(3199, 159, 'Lukovica'),
(3200, 159, 'Majsperk'),
(3201, 159, 'Maribor'),
(3202, 159, 'Medvode'),
(3203, 159, 'Menges'),
(3204, 159, 'Metlika'),
(3205, 159, 'Mezica'),
(3206, 159, 'Miren-Kostanjevica'),
(3207, 159, 'Mislinja'),
(3208, 159, 'Moravce'),
(3209, 159, 'Moravske Toplice'),
(3210, 159, 'Mozirje'),
(3211, 159, 'Murska Sobota'),
(3212, 159, 'Muta'),
(3213, 159, 'Naklo'),
(3214, 159, 'Nazarje'),
(3215, 159, 'Nova Gorica'),
(3216, 159, 'Novo Mesto'),
(3217, 159, 'Odranci'),
(3218, 159, 'Ormoz'),
(3219, 159, 'Osilnica'),
(3220, 159, 'Pesnica'),
(3221, 159, 'Piran'),
(3222, 159, 'Pivka'),
(3223, 159, 'Podcetrtek'),
(3224, 159, 'Podvelka-Ribnica'),
(3225, 159, 'Postojna'),
(3226, 159, 'Preddvor'),
(3227, 159, 'Ptuj'),
(3228, 159, 'Puconci'),
(3229, 159, 'Race-Fram'),
(3230, 159, 'Radece'),
(3231, 159, 'Radenci'),
(3232, 159, 'Radlje ob Dravi'),
(3233, 159, 'Radovljica'),
(3234, 159, 'Ravne-Prevalje'),
(3235, 159, 'Ribnica'),
(3236, 159, 'Rogasevci'),
(3237, 159, 'Rogaska Slatina'),
(3238, 159, 'Rogatec'),
(3239, 159, 'Ruse'),
(3240, 159, 'Semic'),
(3241, 159, 'Sencur'),
(3242, 159, 'Sentilj'),
(3243, 159, 'Sentjernej'),
(3244, 159, 'Sentjur pri Celju'),
(3245, 159, 'Sevnica'),
(3246, 159, 'Sezana'),
(3247, 159, 'Skocjan'),
(3248, 159, 'Skofja Loka'),
(3249, 159, 'Skofljica'),
(3250, 159, 'Slovenj Gradec'),
(3251, 159, 'Slovenska Bistrica'),
(3252, 159, 'Slovenske Konjice'),
(3253, 159, 'Smarje pri Jelsah'),
(3254, 159, 'Smartno ob Paki'),
(3255, 159, 'Sostanj'),
(3256, 159, 'Starse'),
(3257, 159, 'Store'),
(3258, 159, 'Sveti Jurij'),
(3259, 159, 'Tolmin'),
(3260, 159, 'Trbovlje'),
(3261, 159, 'Trebnje'),
(3262, 159, 'Trzic'),
(3263, 159, 'Turnisce'),
(3264, 159, 'Velenje'),
(3265, 159, 'Velike Lasce'),
(3266, 159, 'Videm'),
(3267, 159, 'Vipava'),
(3268, 159, 'Vitanje'),
(3269, 159, 'Vodice'),
(3270, 159, 'Vojnik'),
(3271, 159, 'Vrhnika'),
(3272, 159, 'Vuzenica'),
(3273, 159, 'Zagorje ob Savi'),
(3274, 159, 'Zalec'),
(3275, 159, 'Zavrc'),
(3276, 159, 'Zelezniki'),
(3277, 159, 'Ziri'),
(3278, 159, 'Zrece'),
(3279, 160, ''),
(3280, 160, 'Madrid'),
(3281, 160, ''),
(3282, 160, 'Andalucia'),
(3283, 160, 'Aragon'),
(3284, 160, 'Asturias'),
(3285, 160, 'Baleares (Balearic Islands)'),
(3286, 160, 'Ceuta'),
(3287, 160, 'Canarias (Canary Islands)'),
(3288, 160, 'Cantabria'),
(3289, 160, 'Castilla-La Mancha'),
(3290, 160, 'Castilla y Leon'),
(3291, 160, 'Cataluna'),
(3292, 160, 'Communidad Valencian'),
(3293, 160, 'Extremadura'),
(3294, 160, 'Galicia'),
(3295, 160, 'La Rioja'),
(3296, 160, 'Melilla'),
(3297, 160, 'Murcia'),
(3298, 160, 'Navarra'),
(3299, 160, 'Pais Vasco (Basque Country)'),
(3300, 161, ''),
(3301, 161, 'Stockholm'),
(3302, 161, ''),
(3303, 161, 'Blekinge'),
(3304, 161, 'Dalarnas'),
(3305, 161, 'Gavleborgs'),
(3306, 161, 'Gotlands'),
(3307, 161, 'Hallands'),
(3308, 161, 'Jamtlands'),
(3309, 161, 'Jonkopings'),
(3310, 161, 'Kalmar'),
(3311, 161, 'Kronobergs'),
(3312, 161, 'Norrbottens'),
(3313, 161, 'Orebro'),
(3314, 161, 'Ostergotlands'),
(3315, 161, 'Skane'),
(3316, 161, 'Sodermanlands'),
(3317, 161, 'Uppsala'),
(3318, 161, 'Varmlands'),
(3319, 161, 'Vasterbottens'),
(3320, 161, 'Vasternorrlands'),
(3321, 161, 'Vastmanlands'),
(3322, 161, 'Vastra Gotalands'),
(3323, 162, ''),
(3324, 162, 'Bern'),
(3325, 162, ''),
(3326, 162, 'Aargau'),
(3327, 162, 'Appenzell Ausser-Rhoden'),
(3328, 162, 'Appenzell Inner-Rhoden'),
(3329, 162, 'Basel-Landschaft'),
(3330, 162, 'Basel-Stadt'),
(3331, 162, 'Fribourg'),
(3332, 162, 'Geneve'),
(3333, 162, 'Glarus'),
(3334, 162, 'Graubunden'),
(3335, 162, 'Jura'),
(3336, 162, 'Luzern'),
(3337, 162, 'Neuchatel'),
(3338, 162, 'Nidwalden'),
(3339, 162, 'Obwalden'),
(3340, 162, 'Sankt Gallen'),
(3341, 162, 'Schaffhausen'),
(3342, 162, 'Schwyz'),
(3343, 162, 'Solothurn'),
(3344, 162, 'Thurgau'),
(3345, 162, 'Ticino'),
(3346, 162, 'Uri'),
(3347, 162, 'Valais'),
(3348, 162, 'Vaud'),
(3349, 162, 'Zug'),
(3350, 162, 'Zurich'),
(3351, 163, ''),
(3352, 163, 'Kiev (Kyyiv)'),
(3353, 163, ''),
(3354, 163, 'Izmail (Izmayl)'),
(3355, 163, 'Avtonomna Respublika Krym'),
(3356, 164, ''),
(3357, 164, '-----ENGLAND:-----'),
(3358, 164, 'Barking/Dagenham'),
(3359, 164, 'Barnet'),
(3360, 164, 'Barnsley'),
(3361, 164, 'Bath/North East Somerset'),
(3362, 164, 'Bedfordshire'),
(3363, 164, 'Bexley'),
(3364, 164, 'Birmingham'),
(3365, 164, 'Blackburn with Darwen'),
(3366, 164, 'Blackpool'),
(3367, 164, 'Bolton'),
(3368, 164, 'Bournemouth'),
(3369, 164, 'Bracknell Forest'),
(3370, 164, 'Bradford'),
(3371, 164, 'Brent'),
(3372, 164, 'Brighton/Hove'),
(3373, 164, 'City of Bristol'),
(3374, 164, 'Bromley'),
(3375, 164, 'Buckinghamshire'),
(3376, 164, 'Bury'),
(3377, 164, 'Calderdale'),
(3378, 164, 'Cambridgeshire'),
(3379, 164, 'Camden'),
(3380, 164, 'Cheshire'),
(3381, 164, 'Cornwall'),
(3382, 164, 'Coventry'),
(3383, 164, 'Croydon'),
(3384, 164, 'Cumbria'),
(3385, 164, 'Darlington'),
(3386, 164, 'Derby'),
(3387, 164, 'Derbyshire'),
(3388, 164, 'Devon'),
(3389, 164, 'Doncaster'),
(3390, 164, 'Dorset'),
(3391, 164, 'Dudley'),
(3392, 164, 'Durham'),
(3393, 164, 'Ealing'),
(3394, 164, 'East Riding of Yorkshire'),
(3395, 164, 'East Sussex'),
(3396, 164, 'Enfield'),
(3397, 164, 'Essex'),
(3398, 164, 'Gateshead'),
(3399, 164, 'Gloucestershire'),
(3400, 164, 'Greenwich'),
(3401, 164, 'Hackney'),
(3402, 164, 'Halton'),
(3403, 164, 'Hammersmith/Fulham'),
(3404, 164, 'Hampshire'),
(3405, 164, 'Haringey'),
(3406, 164, 'Harrow'),
(3407, 164, 'Hartlepool'),
(3408, 164, 'Havering'),
(3409, 164, 'Herefordshire'),
(3410, 164, 'Hertfordshire'),
(3411, 164, 'Hillingdon'),
(3412, 164, 'Hounslow'),
(3413, 164, 'Isle of Wight'),
(3414, 164, 'Islington'),
(3415, 164, 'Kensington/Chelsea'),
(3416, 164, 'Kent'),
(3417, 164, 'City of Kingston upon Hull'),
(3418, 164, 'Kingston upon Thames'),
(3419, 164, 'Kirklees'),
(3420, 164, 'Knowsley'),
(3421, 164, 'Lambeth'),
(3422, 164, 'Lancashire'),
(3423, 164, 'Leeds'),
(3424, 164, 'Leicester'),
(3425, 164, 'Leicestershire'),
(3426, 164, 'Lewisham'),
(3427, 164, 'Lincolnshire'),
(3428, 164, 'Liverpool'),
(3429, 164, 'City of London'),
(3430, 164, 'Luton'),
(3431, 164, 'Manchester'),
(3432, 164, 'Medway'),
(3433, 164, 'Merton'),
(3434, 164, 'Middlesbrough'),
(3435, 164, 'Milton Keynes'),
(3436, 164, 'Newcastle upon Tyne'),
(3437, 164, 'Newham'),
(3438, 164, 'Norfolk'),
(3439, 164, 'Northamptonshire'),
(3440, 164, 'North East Lincolnshire'),
(3441, 164, 'North Lincolnshire'),
(3442, 164, 'North Somerset'),
(3443, 164, 'North Tyneside'),
(3444, 164, 'Northumberl/'),
(3445, 164, 'North Yorkshire'),
(3446, 164, 'Nottingham'),
(3447, 164, 'Nottinghamshire'),
(3448, 164, 'Oldham'),
(3449, 164, 'Oxfordshire'),
(3450, 164, 'Peterborough'),
(3451, 164, 'Plymouth'),
(3452, 164, 'Poole'),
(3453, 164, 'Portsmouth'),
(3454, 164, 'Reading'),
(3455, 164, 'Redbridge'),
(3456, 164, 'Redcar/Clevel/'),
(3457, 164, 'Richmond upon Thames'),
(3458, 164, 'Rochdale'),
(3459, 164, 'Rotherham'),
(3460, 164, 'Rutl/'),
(3461, 164, 'Salford'),
(3462, 164, 'Shropshire'),
(3463, 164, 'S/well'),
(3464, 164, 'Sefton'),
(3465, 164, 'Sheffield'),
(3466, 164, 'Slough'),
(3467, 164, 'Solihull'),
(3468, 164, 'Somerset'),
(3469, 164, 'Southampton'),
(3470, 164, 'Southend-on-Sea'),
(3471, 164, 'South Gloucestershire'),
(3472, 164, 'South Tyneside'),
(3473, 164, 'Southwark'),
(3474, 164, 'Staffordshire'),
(3475, 164, 'St. Helens'),
(3476, 164, 'Stockport'),
(3477, 164, 'Stockton-on-Tees'),
(3478, 164, 'Stoke-on-Trent'),
(3479, 164, 'Suffolk'),
(3480, 164, 'Sunderl/'),
(3481, 164, 'Surrey'),
(3482, 164, 'Sutton'),
(3483, 164, 'Swindon'),
(3484, 164, 'Tameside'),
(3485, 164, 'Telford/Wrekin'),
(3486, 164, 'Thurrock'),
(3487, 164, 'Torbay'),
(3488, 164, 'Tower Hamlets'),
(3489, 164, 'Trafford'),
(3490, 164, 'Wakefield'),
(3491, 164, 'Walsall'),
(3492, 164, 'Waltham Forest'),
(3493, 164, 'W/sworth'),
(3494, 164, 'Warrington'),
(3495, 164, 'Warwickshire'),
(3496, 164, 'West Berkshire'),
(3497, 164, 'Westminster'),
(3498, 164, 'West Sussex'),
(3499, 164, 'Wigan'),
(3500, 164, 'Wiltshire'),
(3501, 164, 'Windsor/Maidenhead'),
(3502, 164, 'Wirral'),
(3503, 164, 'Wokingham'),
(3504, 164, 'Wolverhampton'),
(3505, 164, 'Worcestershire'),
(3506, 164, 'York'),
(3507, 164, ''),
(3508, 164, '-----NORTHERN IRELAND:-----'),
(3509, 164, 'Antrim'),
(3510, 164, 'County Antrim'),
(3511, 164, 'Ards'),
(3512, 164, 'Armagh'),
(3513, 164, 'County Armagh'),
(3514, 164, 'Ballymena'),
(3515, 164, 'Ballymoney'),
(3516, 164, 'Banbridge'),
(3517, 164, 'Belfast'),
(3518, 164, 'Carrickfergus'),
(3519, 164, 'Castlereagh'),
(3520, 164, 'Coleraine'),
(3521, 164, 'Cookstown'),
(3522, 164, 'Craigavon'),
(3523, 164, 'Down'),
(3524, 164, 'County Down'),
(3525, 164, 'Dungannon'),
(3526, 164, 'Fermanagh'),
(3527, 164, 'County Fermanagh'),
(3528, 164, 'Larne'),
(3529, 164, 'Limavady'),
(3530, 164, 'Lisburn'),
(3531, 164, 'County Londonderry'),
(3532, 164, 'Derry'),
(3533, 164, 'Magherafelt'),
(3534, 164, 'Moyle'),
(3535, 164, 'Newry/Mourne'),
(3536, 164, 'Newtownabbey'),
(3537, 164, 'North Down'),
(3538, 164, 'Omagh'),
(3539, 164, 'Strabane'),
(3540, 164, 'County Tyrone'),
(3541, 164, ''),
(3542, 164, '-----SCOTLAND:-----'),
(3543, 164, 'Aberdeen City'),
(3544, 164, 'Aberdeenshire'),
(3545, 164, 'Angus'),
(3546, 164, 'Argyll/Bute'),
(3547, 164, 'The Scottish Borders'),
(3548, 164, 'Clackmannanshire'),
(3549, 164, 'Dumfries/Galloway'),
(3550, 164, 'Dundee City'),
(3551, 164, 'East Ayrshire'),
(3552, 164, 'East Dunbartonshire'),
(3553, 164, 'East Lothian'),
(3554, 164, 'East Renfrewshire'),
(3555, 164, 'City of Edinburgh'),
(3556, 164, 'Falkirk'),
(3557, 164, 'Fife'),
(3558, 164, 'Glasgow City'),
(3559, 164, 'Highland'),
(3560, 164, 'Inverclyde'),
(3561, 164, 'Midlothian'),
(3562, 164, 'Moray'),
(3563, 164, 'North Ayrshire'),
(3564, 164, 'North Lanarkshire'),
(3565, 164, 'Orkney Islands'),
(3566, 164, 'Perth/Kinross'),
(3567, 164, 'Renfrewshire'),
(3568, 164, 'Shetland Islands'),
(3569, 164, 'South Ayrshire'),
(3570, 164, 'South Lanarkshire'),
(3571, 164, 'Stirling'),
(3572, 164, 'West Dunbartonshire'),
(3573, 164, 'Eilean Siar (Western Isles)'),
(3574, 164, 'West Lothian'),
(3575, 164, ''),
(3576, 164, '-----WALES-----:'),
(3577, 164, 'Isle of Anglesey'),
(3578, 164, 'Blaenau Gwent'),
(3579, 164, 'Bridgend'),
(3580, 164, 'Caerphilly'),
(3581, 164, 'Cardiff'),
(3582, 164, 'Ceredigion'),
(3583, 164, 'Carmarthenshire'),
(3584, 164, 'Conwy'),
(3585, 164, 'Denbighshire'),
(3586, 164, 'Flintshire'),
(3587, 164, 'Gwynedd'),
(3588, 164, 'Merthyr Tydfil'),
(3589, 164, 'Monmouthshire'),
(3590, 164, 'Neath Port Talbot'),
(3591, 164, 'Newport'),
(3592, 164, 'Pembrokeshire'),
(3593, 164, 'Powys'),
(3594, 164, 'Rhondda Cynon Taff'),
(3595, 164, 'Swansea'),
(3596, 164, 'Torfaen'),
(3597, 164, 'The Vale of Glamorgan'),
(3598, 164, 'Wrexham'),
(3599, 165, ''),
(3600, 166, ''),
(3601, 166, 'Franz Josef Land'),
(3602, 166, 'Svalbard'),
(3603, 167, ''),
(3604, 167, 'Alderney'),
(3605, 167, 'Azores'),
(3606, 167, 'Baixo'),
(3607, 167, 'Belle-Ile'),
(3608, 167, 'Bermuda'),
(3609, 167, 'Bioko'),
(3610, 167, 'Block'),
(3611, 167, 'Boa Vista'),
(3612, 167, 'Borduy'),
(3613, 167, 'Bugio'),
(3614, 167, 'Canary Islands'),
(3615, 167, 'Cape Breton'),
(3616, 167, 'Cape Verde Islands'),
(3617, 167, 'Channel Islands'),
(3618, 167, 'Corvo'),
(3619, 167, 'Deer Isle'),
(3620, 167, 'Eysturoy'),
(3621, 167, 'Faeroe Islands'),
(3622, 167, 'Fago'),
(3623, 167, 'Faial'),
(3624, 167, 'Flores'),
(3625, 167, 'Fuerteventura'),
(3626, 167, 'Fugloy'),
(3627, 167, 'Gomera'),
(3628, 167, 'Graciosa'),
(3629, 167, 'Gran Canaria'),
(3630, 167, 'Grand Manan'),
(3631, 167, 'Grande'),
(3632, 167, 'Greenland'),
(3633, 167, 'Guernsey'),
(3634, 167, 'Hebrides'),
(3635, 167, 'Herm'),
(3636, 167, 'Hestur'),
(3637, 167, 'Hierro'),
(3638, 167, 'Iceland'),
(3639, 167, 'Iles De La Madeleine'),
(3640, 167, 'Ile de Noirmoutier'),
(3641, 167, 'Ilhas Desertas'),
(3642, 167, 'Ireland'),
(3643, 167, 'Isle au Haut'),
(3644, 167, 'Isle of Lewis'),
(3645, 167, 'Isle of Mull'),
(3646, 167, 'Isle of Skye'),
(3647, 167, 'Jersey'),
(3648, 167, 'Kalsoy'),
(3649, 167, 'Koltur'),
(3650, 167, 'Kunoy'),
(3651, 167, 'Lanzarote'),
(3652, 167, 'La Palma'),
(3653, 167, 'Litla Dimun'),
(3654, 167, 'Long Island'),
(3655, 167, 'Jan Mayen'),
(3656, 167, 'Madeira Islands'),
(3657, 167, 'Maio'),
(3658, 167, 'Matinicus'),
(3659, 167, 'Monhegan'),
(3660, 167, 'Mount Desert'),
(3661, 167, 'Mykines'),
(3662, 167, 'Nantucket Island'),
(3663, 167, 'Newfoundland'),
(3664, 167, 'Nolsoy'),
(3665, 167, 'Orkney Islands'),
(3666, 167, 'Pico'),
(3667, 167, 'Porto Santo'),
(3668, 167, 'Prince Edward Island'),
(3669, 167, 'St. Peter/St. Paul Rocks'),
(3670, 167, 'St.-Pierre/Miquelon'),
(3671, 167, 'Praia'),
(3672, 167, 'Sable Island'),
(3673, 167, 'Sal'),
(3674, 167, 'Sandoy'),
(3675, 167, 'Santo Antao'),
(3676, 167, 'Santa Maria'),
(3677, 167, 'Sao Jorge'),
(3678, 167, 'Sao Miguel'),
(3679, 167, 'Sao Nicolau'),
(3680, 167, 'Sao Tiago'),
(3681, 167, 'Sao Tome/Principe'),
(3682, 167, 'Sao Vicente'),
(3683, 167, 'Sark'),
(3684, 167, 'Scilly Isles'),
(3685, 167, 'Shetland Islands'),
(3686, 167, 'Skuvoy'),
(3687, 167, 'Stora Dimun'),
(3688, 167, 'Streymoy'),
(3689, 167, 'Sumba'),
(3690, 167, 'Svinoy'),
(3691, 167, 'Swans'),
(3692, 167, 'Tenerife'),
(3693, 167, 'Terceira'),
(3694, 167, 'Uist Islands'),
(3695, 167, 'Vagar'),
(3696, 167, 'Viday'),
(3697, 167, 'Vinalhaven'),
(3698, 168, ''),
(3699, 168, 'Amsterdam'),
(3700, 168, 'Andaman Islands'),
(3701, 168, 'Annobon'),
(3702, 168, 'Ascension'),
(3703, 168, 'Bouvet'),
(3704, 168, 'Falkland Islands'),
(3705, 168, 'Gough'),
(3706, 168, 'Martin Vas Islands'),
(3707, 168, 'Nightingale'),
(3708, 168, 'St. Helena'),
(3709, 168, 'Shag/Black Rocks'),
(3710, 168, 'South Georgia'),
(3711, 168, 'South Orkney Islands'),
(3712, 168, 'South Sandwich Islands'),
(3713, 168, 'Traversay'),
(3714, 168, 'Trindade'),
(3715, 168, 'Tristan da Cunha'),
(3716, 169, ''),
(3717, 169, 'Akimiski'),
(3718, 169, 'Aland'),
(3719, 169, 'Alcatraz'),
(3720, 169, 'Apostle Islands'),
(3721, 169, 'Baffin'),
(3722, 169, 'Banka'),
(3723, 169, 'Banks'),
(3724, 169, 'Beaver'),
(3725, 169, 'Belcher Islands'),
(3726, 169, 'Belitung'),
(3727, 169, 'Borneo'),
(3728, 169, 'Bornholm'),
(3729, 169, 'Brac'),
(3730, 169, 'Coats'),
(3731, 169, 'Cres'),
(3732, 169, 'Devon'),
(3733, 169, 'East Frisian Islands'),
(3734, 169, 'Ellesmere'),
(3735, 169, 'Fyn'),
(3736, 169, 'Galveston'),
(3737, 169, 'Gotland'),
(3738, 169, 'Groote Eylandt'),
(3739, 169, 'Hiiumaa'),
(3740, 169, 'Hong Kong Island'),
(3741, 169, 'Isla de Ometepe'),
(3742, 169, 'Isla Del Ray'),
(3743, 169, 'Isle of Man'),
(3744, 169, 'Isle of Wight'),
(3745, 169, 'Isle Royale'),
(3746, 169, 'Jutland'),
(3747, 169, 'Key Largo'),
(3748, 169, 'Key West'),
(3749, 169, 'King William'),
(3750, 169, 'Krek'),
(3751, 169, 'Langeland'),
(3752, 169, 'Lantau'),
(3753, 169, 'Lolland'),
(3754, 169, 'Lundy'),
(3755, 169, 'Mackinac'),
(3756, 169, 'Madeleine Islands'),
(3757, 169, 'Manhattan Island'),
(3758, 169, 'Manitoulin'),
(3759, 169, 'Marsh'),
(3760, 169, 'Matagorda'),
(3761, 169, 'Melville'),
(3762, 169, 'North Hero'),
(3763, 169, 'Oland'),
(3764, 169, 'Paracel Islands'),
(3765, 169, 'Pelee'),
(3766, 169, 'Prince Charles'),
(3767, 169, 'Prince of Wales'),
(3768, 169, 'Queen Elizabeth Islands'),
(3769, 169, 'Saaremaa'),
(3770, 169, 'Sjaelland'),
(3771, 169, 'Somerset'),
(3772, 169, 'Southhampton'),
(3773, 169, 'South Hero'),
(3774, 169, 'Spratley Islands'),
(3775, 169, 'Sulawesi'),
(3776, 169, 'Victoria'),
(3777, 169, 'Washington'),
(3778, 169, 'Wellesley Islands'),
(3779, 170, ''),
(3780, 170, 'Abaco (great)'),
(3781, 170, 'Abaco (little)'),
(3782, 170, 'Acklins'),
(3783, 170, 'Andros'),
(3784, 170, 'Anegada'),
(3785, 170, 'Anguilla'),
(3786, 170, 'Antigua'),
(3787, 170, 'Aruba'),
(3788, 170, 'Bahamas'),
(3789, 170, 'Barbados'),
(3790, 170, 'Barbuda'),
(3791, 170, 'Bimini Islands'),
(3792, 170, 'Bonaire'),
(3793, 170, 'Caicos Islands'),
(3794, 170, 'Cat'),
(3795, 170, 'Cayman Brac'),
(3796, 170, 'Cayman Islands'),
(3797, 170, 'Cozumel'),
(3798, 170, 'Crooked'),
(3799, 170, 'Cuba'),
(3800, 170, 'Curacao'),
(3801, 170, 'Dominica'),
(3802, 170, 'Exuma'),
(3803, 170, 'Grand Bahama'),
(3804, 170, 'Grand Cayman'),
(3805, 170, 'Grand Turk'),
(3806, 170, 'Greater Antilles'),
(3807, 170, 'Great Inagua'),
(3808, 170, 'Grenada'),
(3809, 170, 'Guadeloupe'),
(3810, 170, 'Hispaniola (Haiti/DOR)'),
(3811, 170, 'Isla de Margarita'),
(3812, 170, 'Isla Mujeres'),
(3813, 170, 'Isla La Tortuga'),
(3814, 170, 'Isle of Youth'),
(3815, 170, 'Jamaica'),
(3816, 170, 'Lesser Antilles'),
(3817, 170, 'Little Cayman'),
(3818, 170, 'Little Inagua'),
(3819, 170, 'Long'),
(3820, 170, 'Marie-Galante'),
(3821, 170, 'Martinique'),
(3822, 170, 'Mayaguana'),
(3823, 170, 'Montserrat'),
(3824, 170, 'Navassa'),
(3825, 170, 'Nevis'),
(3826, 170, 'New Providence'),
(3827, 170, 'Providencia'),
(3828, 170, 'Puerto Rico'),
(3829, 170, 'Roatan'),
(3830, 170, 'Rum Cay'),
(3831, 170, 'St. Barts'),
(3832, 170, 'St. Croix'),
(3833, 170, 'St. Eustatius'),
(3834, 170, 'St. John'),
(3835, 170, 'St. Kitts'),
(3836, 170, 'St. Lucia'),
(3837, 170, 'St. Martin/Sint Maartan'),
(3838, 170, 'St. Thomas'),
(3839, 170, 'St Vincent and the Grenadines'),
(3840, 170, 'Saba'),
(3841, 170, 'San Blas Islands'),
(3842, 170, 'San Salvador'),
(3843, 170, 'San Andres'),
(3844, 170, 'Santa Catilina (St. Catherine)'),
(3845, 170, 'Tobago'),
(3846, 170, 'Tortola'),
(3847, 170, 'Trinidad'),
(3848, 170, 'Virgin Gorda'),
(3849, 170, 'West Indies'),
(3850, 171, ''),
(3851, 171, 'Aegina'),
(3852, 171, 'Alonissos'),
(3853, 171, 'Amorgos'),
(3854, 171, 'Andros'),
(3855, 171, 'Angistri'),
(3856, 171, 'Astipalea'),
(3857, 171, 'Carpathos'),
(3858, 171, 'Cephalonia'),
(3859, 171, 'Chios (Hios)'),
(3860, 171, 'Corfu'),
(3861, 171, 'Cos (Kos)'),
(3862, 171, 'Crete (Kriti)'),
(3863, 171, 'Cyclades Islands'),
(3864, 171, 'Dodecanese Islands'),
(3865, 171, 'Dokos'),
(3866, 171, 'Eubaea (Evia)'),
(3867, 171, 'Evia'),
(3868, 171, 'Hydra'),
(3869, 171, 'Ikaria'),
(3870, 171, 'Ionian Islands'),
(3871, 171, 'Ios'),
(3872, 171, 'Ithaca'),
(3873, 171, 'Kea'),
(3874, 171, 'Kefalonia'),
(3875, 171, 'Kefalos'),
(3876, 171, 'Kalimnos'),
(3877, 171, 'Kassos'),
(3878, 171, 'Kithnos'),
(3879, 171, 'Kos'),
(3880, 171, 'Kythnos'),
(3881, 171, 'Kythria'),
(3882, 171, 'Lefkada'),
(3883, 171, 'Lemnos'),
(3884, 171, 'Leros'),
(3885, 171, 'Lesvos'),
(3886, 171, 'Leucas'),
(3887, 171, 'Limnos'),
(3888, 171, 'Lipsi'),
(3889, 171, 'Los'),
(3890, 171, 'Melos'),
(3891, 171, 'Mykonos'),
(3892, 171, 'Naxos'),
(3893, 171, 'Nisyros'),
(3894, 171, 'Paros'),
(3895, 171, 'Patmos'),
(3896, 171, 'Poros'),
(3897, 171, 'Pothia'),
(3898, 171, 'Rhodes (Rodos)'),
(3899, 171, 'Salamina'),
(3900, 171, 'Samos'),
(3901, 171, 'Samothrace'),
(3902, 171, 'Santorini'),
(3903, 171, 'Serifos'),
(3904, 171, 'Seriphos'),
(3905, 171, 'Sifnos'),
(3906, 171, 'Sikinos'),
(3907, 171, 'Skiros'),
(3908, 171, 'Skiathos'),
(3909, 171, 'Skopelos'),
(3910, 171, 'Skyros'),
(3911, 171, 'Spetses'),
(3912, 171, 'Sporades Islands'),
(3913, 171, 'Syros'),
(3914, 171, 'Tenos (Tinos)'),
(3915, 171, 'Thassos'),
(3916, 171, 'Tzia'),
(3917, 171, 'Zakinthos'),
(3918, 171, 'Zante'),
(3919, 172, ''),
(3920, 172, 'Addu Atoll'),
(3921, 172, 'Agalega Islands'),
(3922, 172, 'Amsterdam'),
(3923, 172, 'Andaman Islands'),
(3924, 172, 'Anjouan (Nzwani)'),
(3925, 172, 'Ari Atoll'),
(3926, 172, 'Ashmore/Cartier Islands'),
(3927, 172, 'Bali'),
(3928, 172, 'Barrow'),
(3929, 172, 'Bathurst'),
(3930, 172, 'Bompoka'),
(3931, 172, 'Cape Barren'),
(3932, 172, 'Car Nicobar'),
(3933, 172, 'Chagos Archipelago'),
(3934, 172, 'Christmas'),
(3935, 172, 'Comoros'),
(3936, 172, 'Crozet Islands'),
(3937, 172, 'Danger'),
(3938, 172, 'Diego Garcia'),
(3939, 172, 'Eagle Islands'),
(3940, 172, 'Egmont Islands'),
(3941, 172, 'Faadhippolhu Atoll'),
(3942, 172, 'Felidhoo Atoll'),
(3943, 172, 'Flinders'),
(3944, 172, 'Goidhoo Atoll'),
(3945, 172, 'Grand Comore (Njazidja)'),
(3946, 172, 'Great Nicobar'),
(3947, 172, 'Hadhdhunmathee'),
(3948, 172, 'Heard'),
(3949, 172, 'Huvadhoo Atoll'),
(3950, 172, 'Ihavandhippolhu Atoll'),
(3951, 172, 'Java'),
(3952, 172, 'Kangaroo'),
(3953, 172, 'Katchall'),
(3954, 172, 'Keeling Islands (Cocos)'),
(3955, 172, 'King'),
(3956, 172, 'Kolhumadulu Atoll'),
(3957, 172, 'Lakshadweep Islands'),
(3958, 172, 'Little Andaman'),
(3959, 172, 'Little Nicobar'),
(3960, 172, 'Lower Andaman'),
(3961, 172, 'Maalhosmadulu Atoll'),
(3962, 172, 'Maamakunudhoo Atoll'),
(3963, 172, 'Madagascar'),
(3964, 172, 'Mahe'),
(3965, 172, 'Maldives'),
(3966, 172, 'Mauritius'),
(3967, 172, 'Mayotte'),
(3968, 172, 'McDonald Islands'),
(3969, 172, 'Melville'),
(3970, 172, 'Middle Andaman'),
(3971, 172, 'Miladhunmafulu Atoll'),
(3972, 172, 'Moheli (Mwali)'),
(3973, 172, 'Molaku Atoll'),
(3974, 172, 'Nancowry'),
(3975, 172, 'Nelsons Island'),
(3976, 172, 'Nias'),
(3977, 172, 'Nicobar Islands'),
(3978, 172, 'Nilandhoo Atoll'),
(3979, 172, 'North Andaman'),
(3980, 172, 'Peros Banhos'),
(3981, 172, 'Phuket'),
(3982, 172, 'Prince Edward Islands'),
(3983, 172, 'Reunion'),
(3984, 172, 'Rodrigues'),
(3985, 172, 'St. Paul'),
(3986, 172, 'Salomon Islands'),
(3987, 172, 'Seychelles'),
(3988, 172, 'Shag'),
(3989, 172, 'Siberut'),
(3990, 172, 'Simeulue'),
(3991, 172, 'Sipura'),
(3992, 172, 'Socotra'),
(3993, 172, 'Sumatra'),
(3994, 172, 'Sri Lanka'),
(3995, 172, 'Tarasa Dwip'),
(3996, 172, 'Tasmania'),
(3997, 172, 'Thiladhunmathee Atoll'),
(3998, 172, 'Three Brothers'),
(3999, 172, 'Timor'),
(4000, 172, 'Tromelin'),
(4001, 172, 'Zanzibar'),
(4002, 173, ''),
(4003, 173, 'Aeolian Islands'),
(4004, 173, 'Alboran'),
(4005, 173, 'Balearic Islands'),
(4006, 173, 'Cabrera'),
(4007, 173, 'Capraia'),
(4008, 173, 'Capri'),
(4009, 173, 'Corse (Corsica)'),
(4010, 173, 'Cyprus'),
(4011, 173, 'Elba'),
(4012, 173, 'Formentera'),
(4013, 173, 'Gozo'),
(4014, 173, 'Ibiza (Ivisa)'),
(4015, 173, 'Jalitah'),
(4016, 173, 'Lampedusa'),
(4017, 173, 'Lipari Islands'),
(4018, 173, 'Mallorca (Majorca)'),
(4019, 173, 'Malta'),
(4020, 173, 'Maltese Islands'),
(4021, 173, 'Menorca (Minorca)'),
(4022, 173, 'Pantelleria'),
(4023, 173, 'Ponziane'),
(4024, 173, 'Salina'),
(4025, 173, 'San Pietro'),
(4026, 173, 'Sardinia (Sardegna)'),
(4027, 173, 'Sicily (Sicilia)'),
(4028, 173, 'Stromboli'),
(4029, 173, 'Vulcano'),
(4030, 173, 'Zembra'),
(4031, 174, ''),
(4032, 174, 'Abaiang'),
(4033, 174, 'Admiralty Islands'),
(4034, 174, 'Aitutaki'),
(4035, 174, 'Alofi'),
(4036, 174, 'Ambrym'),
(4037, 174, 'American Samoa'),
(4038, 174, 'Antipodes'),
(4039, 174, 'Atafu Atoll'),
(4040, 174, 'Atiu'),
(4041, 174, 'Auckland Islands'),
(4042, 174, 'Austral Islands'),
(4043, 174, 'Banaba'),
(4044, 174, 'Bega'),
(4045, 174, 'Bora Bora'),
(4046, 174, 'Bougainville'),
(4047, 174, 'Bounty Islands'),
(4048, 174, 'Campbell'),
(4049, 174, 'Chatham Islands'),
(4050, 174, 'Choiseul'),
(4051, 174, 'Cook Islands'),
(4052, 174, 'Coral Sea Islands'),
(4053, 174, 'Efate'),
(4054, 174, 'Elao'),
(4055, 174, 'Erromango'),
(4056, 174, 'Espiritu Santo'),
(4057, 174, 'Faioa'),
(4058, 174, 'Fakaofo Atoll'),
(4059, 174, 'Fatu Hiva'),
(4060, 174, 'Fiji'),
(4061, 174, 'French Polynesia'),
(4062, 174, 'Funafuti Atoll'),
(4063, 174, 'Futuna'),
(4064, 174, 'Gambier Islands'),
(4065, 174, 'Gau'),
(4066, 174, 'Gilbert Islands'),
(4067, 174, 'Gizo'),
(4068, 174, 'Grand Terre'),
(4069, 174, 'Great Barrier Reef'),
(4070, 174, 'Guadacanal'),
(4071, 174, 'Hatutu'),
(4072, 174, 'Hiva Oa'),
(4073, 174, 'Horne Islands'),
(4074, 174, 'Huahine'),
(4075, 174, 'Isle of Pines'),
(4076, 174, 'Kadavu'),
(4077, 174, 'Karkar'),
(4078, 174, 'Kioa'),
(4079, 174, 'Kiribati'),
(4080, 174, 'Kiritamati'),
(4081, 174, 'Koro'),
(4082, 174, 'Lakeba'),
(4083, 174, 'Lau Group'),
(4084, 174, 'Lifou'),
(4085, 174, 'Line Islands'),
(4086, 174, 'Loyalty Islands'),
(4087, 174, 'Malaita'),
(4088, 174, 'Malekula'),
(4089, 174, 'Malolo'),
(4090, 174, 'Mangaia'),
(4091, 174, 'Manihiki'),
(4092, 174, 'Manuae'),
(4093, 174, 'Mare'),
(4094, 174, 'Marquises Islands'),
(4095, 174, 'Mata Utu'),
(4096, 174, 'Matuku'),
(4097, 174, 'Mauke'),
(4098, 174, 'Maupiti'),
(4099, 174, 'Melanesia'),
(4100, 174, 'Mitiaro'),
(4101, 174, 'Moala'),
(4102, 174, 'Mohotani'),
(4103, 174, 'Moorea'),
(4104, 174, 'Nairai'),
(4105, 174, 'Nanumea Atoll'),
(4106, 174, 'Nassau'),
(4107, 174, 'Nauru'),
(4108, 174, 'Naviti'),
(4109, 174, 'Nepean'),
(4110, 174, 'New Britain'),
(4111, 174, 'New Caledonia'),
(4112, 174, 'New Georgia Islands'),
(4113, 174, 'New Guinea'),
(4114, 174, 'New Ireland'),
(4115, 174, 'Niuas Islands'),
(4116, 174, 'Niuatoputapu'),
(4117, 174, 'Niue'),
(4118, 174, 'Niulakita Atoll'),
(4119, 174, 'Nomuka Island Group'),
(4120, 174, 'Norfolk Islands'),
(4121, 174, 'Nukuaeta'),
(4122, 174, 'Nukufetau Atoll'),
(4123, 174, 'Nuku Hiva'),
(4124, 174, 'Nukulaelae Atoll'),
(4125, 174, 'Nukunono Atoll'),
(4126, 174, 'Ofu'),
(4127, 174, 'Olasega'),
(4128, 174, 'Ono'),
(4129, 174, 'Ouvea'),
(4130, 174, 'Ovalau'),
(4131, 174, 'Palmerston'),
(4132, 174, 'Pangai'),
(4133, 174, 'Penrhyn'),
(4134, 174, 'Philip'),
(4135, 174, 'Phoenix Islands'),
(4136, 174, 'Pitcairn'),
(4137, 174, 'Pitt Island'),
(4138, 174, 'Polynesia'),
(4139, 174, 'Pukapuka'),
(4140, 174, 'Rabi'),
(4141, 174, 'Raiatea'),
(4142, 174, 'Rakahanga'),
(4143, 174, 'Rangiroa'),
(4144, 174, 'Rarotonga'),
(4145, 174, 'Rotuma'),
(4146, 174, 'Samao'),
(4147, 174, 'San Cristobal'),
(4148, 174, 'Santa Cruz Islands'),
(4149, 174, 'Santa Isabel'),
(4150, 174, 'Society Islands'),
(4151, 174, 'Solomon Islands'),
(4152, 174, 'Stewart'),
(4153, 174, 'Suwarrow'),
(4154, 174, 'Tabuaeran'),
(4155, 174, 'Tahaa'),
(4156, 174, 'Tahiti'),
(4157, 174, 'Tahuata'),
(4158, 174, 'Taiohae'),
(4159, 174, 'Tanna'),
(4160, 174, 'Tarawa'),
(4161, 174, 'Tasmania'),
(4162, 174, 'Tau'),
(4163, 174, 'Taveuni'),
(4164, 174, 'Tetiaroa'),
(4165, 174, 'Tokelau'),
(4166, 174, 'Tonga'),
(4167, 174, 'Tongatapu'),
(4168, 174, 'Totoya'),
(4169, 174, 'Tuamotu Islands'),
(4170, 174, 'Tubuai'),
(4171, 174, 'Tupai'),
(4172, 174, 'Tutuila'),
(4173, 174, 'Tuvalu'),
(4174, 174, 'Ua Huka'),
(4175, 174, 'Ua Pou'),
(4176, 174, 'Hiva Oa'),
(4177, 174, 'Upolu'),
(4178, 174, 'Uvea'),
(4179, 174, 'Vaiaku'),
(4180, 174, 'Vanua Balavu'),
(4181, 174, 'Vanua Levu'),
(4182, 174, 'Vanuatu'),
(4183, 174, 'Vatulele'),
(4184, 174, 'Vita Levu'),
(4185, 174, 'Wallis Islands'),
(4186, 174, 'Wallis and Futuna'),
(4187, 174, 'Waya'),
(4188, 174, 'Yasawa'),
(4189, 174, 'Yasawa Group'),
(4190, 175, ''),
(4191, 175, 'Aleutian Islands'),
(4192, 175, 'Alexander Islands'),
(4193, 175, 'Andreanof Islands'),
(4194, 175, 'Babelthuap'),
(4195, 175, 'Baker'),
(4196, 175, 'Bikini'),
(4197, 175, 'Bohol'),
(4198, 175, 'Bonin Islands'),
(4199, 175, 'Cabras'),
(4200, 175, 'Caroline Islands'),
(4201, 175, 'Cebu'),
(4202, 175, 'Channel Islands (US)'),
(4203, 175, 'Cheju Do'),
(4204, 175, 'Chuuk'),
(4205, 175, 'Diomede Islands'),
(4206, 175, 'Guam'),
(4207, 175, 'Hainan'),
(4208, 175, 'Hawaii (big island)'),
(4209, 175, 'Hawaiian Islands'),
(4210, 175, 'Hokkaido'),
(4211, 175, 'Honshu'),
(4212, 175, 'Howland'),
(4213, 175, 'Jaluit Atoll'),
(4214, 175, 'Japan'),
(4215, 175, 'Johnston Atoll'),
(4216, 175, 'Kahoolawe'),
(4217, 175, 'Kauai'),
(4218, 175, 'Kodiak'),
(4219, 175, 'Kosrae'),
(4220, 175, 'Kwajalein Atoll'),
(4221, 175, 'Kyushu'),
(4222, 175, 'Lanai'),
(4223, 175, 'Lifou'),
(4224, 175, 'Loyalty Islands'),
(4225, 175, 'Luzon'),
(4226, 175, 'Maloelap Atoll'),
(4227, 175, 'Majuro Atoll'),
(4228, 175, 'Mare'),
(4229, 175, 'Marshall Islands'),
(4230, 175, 'Maui'),
(4231, 175, 'Micronesia'),
(4232, 175, 'Midway Islands'),
(4233, 175, 'Mili Atoll'),
(4234, 175, 'Mindanao'),
(4235, 175, 'Mindoro'),
(4236, 175, 'Molakai'),
(4237, 175, 'Niihau'),
(4238, 175, 'Near Islands'),
(4239, 175, 'Negros'),
(4240, 175, 'Northern Marianas'),
(4241, 175, 'Nunivak'),
(4242, 175, 'Oahu'),
(4243, 175, 'Okinawa'),
(4244, 175, 'Ostrov Sakhalin'),
(4245, 175, 'Pagan'),
(4246, 175, 'Palau'),
(4247, 175, 'Palawan'),
(4248, 175, 'Palmyra Atoll'),
(4249, 175, 'Panay'),
(4250, 175, 'Philippines'),
(4251, 175, 'Pohnpei'),
(4252, 175, 'Queen Charlotte Islands'),
(4253, 175, 'Rat'),
(4254, 175, 'Rongelap Atoll'),
(4255, 175, 'St. Lawrence'),
(4256, 175, 'St. Matthew'),
(4257, 175, 'St. Paul'),
(4258, 175, 'Saipan'),
(4259, 175, 'Samar'),
(4260, 175, 'San Clemente'),
(4261, 175, 'San Miguel'),
(4262, 175, 'San Nicolas'),
(4263, 175, 'Santa Catalina'),
(4264, 175, 'Santa Cruz'),
(4265, 175, 'Santa Rosa'),
(4266, 175, 'Shikoku'),
(4267, 175, 'Taiwan'),
(4268, 175, 'Tinian'),
(4269, 175, 'Vancouver'),
(4270, 175, 'Volcano Islands'),
(4271, 175, 'Wake Island'),
(4272, 175, 'Yap'),
(4273, 176, ''),
(4274, 176, 'Easter'),
(4275, 176, 'Galapogos Islands'),
(4276, 176, 'Juan Fernandez Islands'),
(4277, 176, 'Isla Espanola'),
(4278, 176, 'Isla Fernandina'),
(4279, 176, 'Isla Genovesa'),
(4280, 176, 'Isla Isabella'),
(4281, 176, 'Isla Marchena'),
(4282, 176, 'Isla Pinta'),
(4283, 176, 'Isla Puna'),
(4284, 176, 'Isla San Cristobal'),
(4285, 176, 'Isla San Salvador'),
(4286, 176, 'Isla Santa Cruz'),
(4287, 176, 'Isla Santa Maria'),
(4288, 176, 'Robinson Crusoe'),
(4289, 176, 'San Felix'),
(4290, 176, 'Santa Clara'),
(4291, 177, ''),
(4292, 177, 'Kabul'),
(4293, 177, ''),
(4294, 177, 'Badakhshan'),
(4295, 177, 'Badghis'),
(4296, 177, 'Baghlan'),
(4297, 177, 'Balkh'),
(4298, 177, 'Bamian'),
(4299, 177, 'Farah'),
(4300, 177, 'Faryab'),
(4301, 177, 'Ghazni'),
(4302, 177, 'Ghowr'),
(4303, 177, 'Helmand'),
(4304, 177, 'Herat'),
(4305, 177, 'Jowzjan'),
(4306, 177, 'Kabol'),
(4307, 177, 'Kandahar'),
(4308, 177, 'Kapisa'),
(4309, 177, 'Khowst'),
(4310, 177, 'Konar'),
(4311, 177, 'Kondoz'),
(4312, 177, 'Laghman'),
(4313, 177, 'Lowgar'),
(4314, 177, 'Nangarhar'),
(4315, 177, 'Nimruz'),
(4316, 177, 'Nurestan'),
(4317, 177, 'Oruzgan'),
(4318, 177, 'Paktia'),
(4319, 177, 'Paktika'),
(4320, 177, 'Parvan'),
(4321, 177, 'Samangan'),
(4322, 177, 'Sar-e Pol'),
(4323, 177, 'Takhar'),
(4324, 177, 'Vardak'),
(4325, 177, 'Zabol'),
(4326, 178, ''),
(4327, 178, 'Yerevan'),
(4328, 178, ''),
(4329, 178, 'Aragatsotn'),
(4330, 178, 'Ararat'),
(4331, 178, 'Armavir'),
(4332, 178, 'Lorri'),
(4333, 178, 'Shirak'),
(4334, 178, 'Tavush'),
(4335, 179, ''),
(4336, 179, 'Baku (Baki)'),
(4337, 179, ''),
(4338, 179, 'Abseron'),
(4339, 179, 'Agcabadi'),
(4340, 179, 'Agdam'),
(4341, 179, 'Agdas'),
(4342, 179, 'Agstafa'),
(4343, 179, 'Agsu'),
(4344, 179, 'Ali Bayramli'),
(4345, 179, 'Astara'),
(4346, 179, 'Balakan'),
(4347, 179, 'Barda'),
(4348, 179, 'Beylaqan'),
(4349, 179, 'Bilasuvar'),
(4350, 179, 'Cabrayil'),
(4351, 179, 'Calilabad'),
(4352, 179, 'Daskasan'),
(4353, 179, 'Davaci'),
(4354, 179, 'Fuzuli'),
(4355, 179, 'Gadabay'),
(4356, 179, 'Ganca'),
(4357, 179, 'Goranboy'),
(4358, 179, 'Goycay'),
(4359, 179, 'Haciqabul'),
(4360, 179, 'Imisli'),
(4361, 179, 'Ismayilli'),
(4362, 179, 'Kalbacar'),
(4363, 179, 'Kurdamir'),
(4364, 179, 'Lacin'),
(4365, 179, 'Lankaran'),
(4366, 179, 'Lankaran'),
(4367, 179, 'Lerik'),
(4368, 179, 'Masalli'),
(4369, 179, 'Mingacevir'),
(4370, 179, 'Naftalan'),
(4371, 179, 'Naxcivan'),
(4372, 179, 'Neftcala'),
(4373, 179, 'Oguz'),
(4374, 179, 'Qabala'),
(4375, 179, 'Qax'),
(4376, 179, 'Qazax'),
(4377, 179, 'Qobustan'),
(4378, 179, 'Quba'),
(4379, 179, 'Qubadli'),
(4380, 179, 'Qusar'),
(4381, 179, 'Saatli'),
(4382, 179, 'Sabirabad'),
(4383, 179, 'Saki');
INSERT INTO `location_province` (`id`, `country_id`, `name`) VALUES
(4384, 179, 'Saki'),
(4385, 179, 'Salyan'),
(4386, 179, 'Samaxi'),
(4387, 179, 'Samkir'),
(4388, 179, 'Samux'),
(4389, 179, 'Siyazan'),
(4390, 179, 'Sumqayit'),
(4391, 179, 'Susa'),
(4392, 179, 'Susa'),
(4393, 179, 'Tartar'),
(4394, 179, 'Tovuz'),
(4395, 179, 'Ucar'),
(4396, 179, 'Xacmaz'),
(4397, 179, 'Xankandi'),
(4398, 179, 'Xanlar'),
(4399, 179, 'Xizi'),
(4400, 179, 'Xocali'),
(4401, 179, 'Xocavand'),
(4402, 179, 'Yardimli'),
(4403, 179, 'Yevlax'),
(4404, 179, 'Yevlax'),
(4405, 179, 'Zangilan'),
(4406, 179, 'Zaqatala'),
(4407, 179, 'Zardab'),
(4408, 180, ''),
(4409, 180, 'Manama'),
(4410, 180, ''),
(4411, 180, 'Al Hadd'),
(4412, 180, 'Al Manamah'),
(4413, 180, 'Al Mintaqah al Gharbiyah'),
(4414, 180, 'Al Mintaqah al Wusta'),
(4415, 180, 'Al Mintaqah ash Shamaliyah'),
(4416, 180, 'Al Muharraq'),
(4417, 180, 'Jidd Hafs'),
(4418, 180, 'Madinat Hamad'),
(4419, 180, 'Juzur Hawar'),
(4420, 180, 'Sitrah'),
(4421, 181, ''),
(4422, 181, 'Nicosia'),
(4423, 181, ''),
(4424, 181, 'Famagusta'),
(4425, 181, 'Kyrenia'),
(4426, 181, 'Larnaca'),
(4427, 181, 'Limassol'),
(4428, 181, 'Paphos'),
(4429, 182, ''),
(4430, 182, 'Tehran'),
(4431, 182, ''),
(4432, 182, 'Ardabil'),
(4433, 182, 'Azarbayjan-e Gharbi'),
(4434, 182, 'Azarbayjan-e Sharqi'),
(4435, 182, 'Bushehr'),
(4436, 182, 'Chahar Mahall va Bakhtiari'),
(4437, 182, 'Esfahan'),
(4438, 182, 'Fars'),
(4439, 182, 'Gilan'),
(4440, 182, 'Golestan'),
(4441, 182, 'Hamadan'),
(4442, 182, 'Hormozgan'),
(4443, 182, 'Ilam'),
(4444, 182, 'Kerman'),
(4445, 182, 'Kermanshah'),
(4446, 182, 'Khorasan'),
(4447, 182, 'Khuzestan'),
(4448, 182, 'Kohkiluyeh va Buyer Ahmad'),
(4449, 182, 'Kordestan'),
(4450, 182, 'Lorestan'),
(4451, 182, 'Markazi'),
(4452, 182, 'Mazandaran'),
(4453, 182, 'Qazvin'),
(4454, 182, 'Qom'),
(4455, 182, 'Semnan'),
(4456, 182, 'Sistan va Baluchestan'),
(4457, 182, 'Yazd'),
(4458, 182, 'Zanjan'),
(4459, 183, ''),
(4460, 183, 'Baghdad'),
(4461, 183, ''),
(4462, 183, 'Al Anbar'),
(4463, 183, 'Al Basrah'),
(4464, 183, 'Al Muthanna'),
(4465, 183, 'Al Qadisiyah'),
(4466, 183, 'An Najaf'),
(4467, 183, 'Arbil'),
(4468, 183, 'As Sulaymaniyah'),
(4469, 183, 'Babil'),
(4470, 183, 'Dahuk'),
(4471, 183, 'Dhi Qar'),
(4472, 183, 'Diyala'),
(4473, 183, 'Maysan'),
(4474, 183, 'Ninawa'),
(4475, 183, 'Salah ad Din'),
(4476, 183, 'Wasit'),
(4477, 184, ''),
(4478, 184, 'Jerusalem'),
(4479, 184, ''),
(4480, 184, 'Central'),
(4481, 184, 'Haifa'),
(4482, 184, 'Northern'),
(4483, 184, 'Southern'),
(4484, 184, 'Tel Aviv'),
(4485, 185, ''),
(4486, 185, 'Amman'),
(4487, 185, ''),
(4488, 185, 'Ajlun'),
(4489, 185, 'Al Karak'),
(4490, 185, 'Al Mafraq'),
(4491, 185, 'At Tafilah'),
(4492, 185, 'Irbid'),
(4493, 185, 'Jarash'),
(4494, 185, 'Madaba'),
(4495, 186, ''),
(4496, 186, 'Kuwait'),
(4497, 186, ''),
(4498, 186, 'Al Ahmadi'),
(4499, 186, 'Al Farwaniyah'),
(4500, 186, 'Hawalli'),
(4501, 187, ''),
(4502, 187, 'Bishkek Shaary'),
(4503, 187, ''),
(4504, 187, 'Batken Oblasty'),
(4505, 187, 'Chuy Oblasty (Bishkek)'),
(4506, 187, 'Jalal-Abad Oblasty'),
(4507, 187, 'Naryn Oblasty'),
(4508, 187, 'Osh Oblasty'),
(4509, 187, 'Talas Oblasty'),
(4510, 187, 'Ysyk-Kol Oblasty (Karakol)'),
(4511, 188, ''),
(4512, 188, 'Beirut'),
(4513, 188, ''),
(4514, 188, 'Beyrouth'),
(4515, 188, 'Beqaa'),
(4516, 188, 'Liban-Nord'),
(4517, 188, 'Liban-Sud'),
(4518, 188, 'Mont-Liban'),
(4519, 188, 'Nabatiye'),
(4520, 189, ''),
(4521, 189, 'Muscat'),
(4522, 189, ''),
(4523, 189, 'Ad Dakhiliyah'),
(4524, 189, 'Al Batinah'),
(4525, 189, 'Al Wusta'),
(4526, 189, 'Ash Sharqiyah'),
(4527, 189, 'Az Zahirah'),
(4528, 189, 'Musandam'),
(4529, 189, 'Zufar'),
(4530, 190, ''),
(4531, 190, 'Islamabad'),
(4532, 190, ''),
(4533, 190, 'Balochistan'),
(4534, 190, 'Federally Administered Tribal Areas'),
(4535, 190, 'North-West Frontier Province'),
(4536, 190, 'Punjab'),
(4537, 190, 'Sindh'),
(4538, 191, ''),
(4539, 191, 'Doha'),
(4540, 191, ''),
(4541, 191, 'Ad Dawhah'),
(4542, 191, 'Al Ghuwayriyah'),
(4543, 191, 'Al Jumayliyah'),
(4544, 191, 'Al Khawr'),
(4545, 191, 'Al Wakrah'),
(4546, 191, 'Ar Rayyan'),
(4547, 191, 'Jarayan al Batinah'),
(4548, 191, 'Madinat ash Shamal'),
(4549, 191, 'Umm Salal'),
(4550, 192, ''),
(4551, 192, 'Riyadh'),
(4552, 192, ''),
(4553, 192, 'Al Bahah'),
(4554, 192, 'Al Hudud ash Shamaliyah'),
(4555, 192, 'Al Jawf'),
(4556, 192, 'Al Madinah'),
(4557, 192, 'Al Qasim'),
(4558, 192, 'Ar Riyad'),
(4559, 192, 'Ash Sharqiyah (Eastern Province)'),
(4560, 192, 'Jizan'),
(4561, 192, 'Makkah'),
(4562, 192, 'Najran'),
(4563, 192, 'Tabuk'),
(4564, 193, ''),
(4565, 193, 'Damascus'),
(4566, 193, ''),
(4567, 193, 'Al Hasakah'),
(4568, 193, 'Al Ladhiqiyah'),
(4569, 193, 'Al Qunaytirah'),
(4570, 193, 'Ar Raqqah'),
(4571, 193, 'Dayr az Zawr'),
(4572, 193, 'Dimashq'),
(4573, 193, 'Halab'),
(4574, 193, 'Hamah'),
(4575, 193, 'Hims'),
(4576, 193, 'Idlib'),
(4577, 193, 'Rif Dimashq'),
(4578, 193, 'Tartus'),
(4579, 194, ''),
(4580, 194, 'Dushanbe'),
(4581, 194, ''),
(4582, 194, 'Viloyati Mukhtori Kuhistoni Badakhshon'),
(4583, 194, 'Viloyati Khatlon'),
(4584, 194, 'Viloyati Sughd'),
(4585, 195, ''),
(4586, 195, 'Ankara'),
(4587, 195, ''),
(4588, 195, 'Adana'),
(4589, 195, 'Adiyaman'),
(4590, 195, 'Afyon'),
(4591, 195, 'Agri'),
(4592, 195, 'Aksaray'),
(4593, 195, 'Amasya'),
(4594, 195, 'Antalya'),
(4595, 195, 'Ardahan'),
(4596, 195, 'Artvin'),
(4597, 195, 'Aydin'),
(4598, 195, 'Balikesir'),
(4599, 195, 'Bartin'),
(4600, 195, 'Batman'),
(4601, 195, 'Bayburt'),
(4602, 195, 'Bilecik'),
(4603, 195, 'Bingol'),
(4604, 195, 'Bitlis'),
(4605, 195, 'Bolu'),
(4606, 195, 'Burdur'),
(4607, 195, 'Bursa'),
(4608, 195, 'Canakkale'),
(4609, 195, 'Cankiri'),
(4610, 195, 'Corum'),
(4611, 195, 'Denizli'),
(4612, 195, 'Diyarbakir'),
(4613, 195, 'Duzce'),
(4614, 195, 'Edirne'),
(4615, 195, 'Elazig'),
(4616, 195, 'Erzincan'),
(4617, 195, 'Erzurum'),
(4618, 195, 'Eskisehir'),
(4619, 195, 'Gaziantep'),
(4620, 195, 'Giresun'),
(4621, 195, 'Gumushane'),
(4622, 195, 'Hakkari'),
(4623, 195, 'Hatay'),
(4624, 195, 'Icel'),
(4625, 195, 'Igdir'),
(4626, 195, 'Isparta'),
(4627, 195, 'Istanbul'),
(4628, 195, 'Izmir'),
(4629, 195, 'Kahramanmaras'),
(4630, 195, 'Karabuk'),
(4631, 195, 'Karaman'),
(4632, 195, 'Kars'),
(4633, 195, 'Kastamonu'),
(4634, 195, 'Kayseri'),
(4635, 195, 'Kilis'),
(4636, 195, 'Kirikkale'),
(4637, 195, 'Kirklareli'),
(4638, 195, 'Kirsehir'),
(4639, 195, 'Kocaeli'),
(4640, 195, 'Konya'),
(4641, 195, 'Kutahya'),
(4642, 195, 'Malatya'),
(4643, 195, 'Manisa'),
(4644, 195, 'Mardin'),
(4645, 195, 'Mugla'),
(4646, 195, 'Mus'),
(4647, 195, 'Nevsehir'),
(4648, 195, 'Nigde'),
(4649, 195, 'Ordu'),
(4650, 195, 'Osmaniye'),
(4651, 195, 'Rize'),
(4652, 195, 'Sakarya'),
(4653, 195, 'Samsun'),
(4654, 195, 'Sanliurfa'),
(4655, 195, 'Siirt'),
(4656, 195, 'Sinop'),
(4657, 195, 'Sirnak'),
(4658, 195, 'Sivas'),
(4659, 195, 'Tekirdag'),
(4660, 195, 'Tokat'),
(4661, 195, 'Trabzon'),
(4662, 195, 'Tunceli'),
(4663, 195, 'Usak'),
(4664, 195, 'Van'),
(4665, 195, 'Yalova'),
(4666, 195, 'Yozgat'),
(4667, 195, 'Zonguldak  Buri'),
(4668, 195, 'Sisaket'),
(4669, 195, 'Songkhla'),
(4670, 195, 'Sukhothai'),
(4671, 195, 'Suphan Buri'),
(4672, 195, 'Surat Thani'),
(4673, 195, 'Surin'),
(4674, 195, 'Tak'),
(4675, 195, 'Trang'),
(4676, 195, 'Trat'),
(4677, 195, 'Ubon Ratchathani'),
(4678, 195, 'Udon Thani'),
(4679, 195, 'Uthai Thani'),
(4680, 195, 'Uttaradit'),
(4681, 195, 'Yala'),
(4682, 195, 'Yasothon'),
(4683, 196, ''),
(4684, 196, 'Ashgabat'),
(4685, 196, ''),
(4686, 196, 'Ahal Welayaty'),
(4687, 196, 'Balkan Welayaty'),
(4688, 196, 'Dasoguz Welayaty'),
(4689, 196, 'Labap Welayaty'),
(4690, 196, 'Mary Welayaty'),
(4691, 197, ''),
(4692, 197, 'Abu Dhabi'),
(4693, 197, ''),
(4694, 197, 'Abu Zaby (Abu Dhabi)'),
(4695, 197, 'Al Fujayrah'),
(4696, 197, 'Ash Shariqah (Sharjah)'),
(4697, 197, 'Dubayy (Dubai)'),
(4698, 197, 'Umm al Qaywayn'),
(4699, 198, ''),
(4700, 198, 'Tashkent (Toshkent)'),
(4701, 198, ''),
(4702, 198, 'Andijon Viloyati'),
(4703, 198, 'Buxoro Viloyati'),
(4704, 198, 'Jizzax Viloyati'),
(4705, 198, 'Namangan Viloyati'),
(4706, 198, 'Navoiy Viloyati'),
(4707, 198, 'Qashqadaryo Viloyati (Qarshi)'),
(4708, 198, 'Samarqand Viloyati'),
(4709, 198, 'Sirdaryo Viloyati (Guliston)'),
(4710, 198, 'Surxondaryo Viloyati (Termiz)'),
(4711, 198, 'Toshkent Shahri'),
(4712, 198, 'Toshkent Viloyati'),
(4713, 198, 'Xorazm Viloyati (Urganch)'),
(4714, 199, ''),
(4715, 199, 'Sanaa'),
(4716, 199, ''),
(4717, 199, 'Abyan'),
(4718, 199, 'Al Hudaydah'),
(4719, 199, 'Al Jawf'),
(4720, 199, 'Al Mahrah'),
(4721, 199, 'Al Mahwit'),
(4722, 199, 'Dhamar'),
(4723, 199, 'Hadramawt'),
(4724, 199, 'Hajjah'),
(4725, 199, 'Ibb'),
(4726, 199, 'Lahij'),
(4727, 199, 'Shabwah'),
(4728, 200, ''),
(4729, 200, 'Hamilton'),
(4730, 200, ''),
(4731, 200, 'Devonshire'),
(4732, 200, 'Hamilton'),
(4733, 200, 'Hamilton'),
(4734, 200, 'Paget'),
(4735, 200, 'Pembroke'),
(4736, 200, 'Saint George'),
(4737, 200, 'Sandys'),
(4738, 200, 'Southampton'),
(4739, 200, 'Warwick'),
(4740, 201, ''),
(4741, 201, 'Ottawa'),
(4742, 201, ''),
(4743, 201, 'Alberta'),
(4744, 201, 'British Columbia'),
(4745, 201, 'Manitoba'),
(4746, 201, 'New Brunswick'),
(4747, 201, 'Newfoundland and Labrador'),
(4748, 201, 'Northwest Territories'),
(4749, 201, 'Nova Scotia'),
(4750, 201, 'Nunavut'),
(4751, 201, 'Ontario'),
(4752, 201, 'Prince Edward Island'),
(4753, 201, 'Quebec'),
(4754, 201, 'Saskatchewan'),
(4755, 201, 'Yukon Territory'),
(4756, 202, ''),
(4757, 202, 'Nuuk (Godthab)'),
(4758, 202, ''),
(4759, 202, 'Avannaa (Nordgronland)'),
(4760, 202, 'Tunu (Ostgronland)'),
(4761, 202, 'Kitaa (Vestgronland)'),
(4762, 203, ''),
(4763, 203, 'Mexico (Distrito Federal)'),
(4764, 203, ''),
(4765, 203, 'Aguascalientes'),
(4766, 203, 'Baja California'),
(4767, 203, 'Baja California Sur'),
(4768, 203, 'Campeche'),
(4769, 203, 'Chiapas'),
(4770, 203, 'Chihuahua'),
(4771, 203, 'Coahuila de Zaragoza'),
(4772, 203, 'Colima'),
(4773, 203, 'Durango'),
(4774, 203, 'Guanajuato'),
(4775, 203, 'Guerrero'),
(4776, 203, 'Hidalgo'),
(4777, 203, 'Jalisco'),
(4778, 203, 'Michoacan de Ocampo'),
(4779, 203, 'Morelos'),
(4780, 203, 'Nayarit'),
(4781, 203, 'Nuevo Leon'),
(4782, 203, 'Oaxaca'),
(4783, 203, 'Puebla'),
(4784, 203, 'Queretaro de Arteaga'),
(4785, 203, 'Quintana Roo'),
(4786, 203, 'San Luis Potosi'),
(4787, 203, 'Sinaloa'),
(4788, 203, 'Sonora'),
(4789, 203, 'Tabasco'),
(4790, 203, 'Tamaulipas'),
(4791, 203, 'Tlaxcala'),
(4792, 203, 'Veracruz-Llave'),
(4793, 203, 'Yucatan'),
(4794, 203, 'Zacatecas'),
(4795, 204, ''),
(4796, 204, 'Washington DC'),
(4797, 204, ''),
(4798, 204, 'Alabama'),
(4799, 204, 'Alaska'),
(4800, 204, 'Arizona'),
(4801, 204, 'Arkansas'),
(4802, 204, 'California'),
(4803, 204, 'Colorado'),
(4804, 204, 'Connecticut'),
(4805, 204, 'Delaware'),
(4806, 204, 'Georgia'),
(4807, 204, 'Kentucky'),
(4808, 204, 'Hawaii'),
(4809, 204, 'Idaho'),
(4810, 204, 'Illinois'),
(4811, 204, 'Indiana'),
(4812, 204, 'Iowa'),
(4813, 204, 'Kansas'),
(4814, 204, 'Kentucky'),
(4815, 204, 'Louisiana'),
(4816, 204, 'Maine'),
(4817, 204, 'Maryland'),
(4818, 204, 'Massachusets'),
(4819, 204, 'Michigan'),
(4820, 204, 'Minnesota'),
(4821, 204, 'Mississippi'),
(4822, 204, 'Missouri'),
(4823, 204, 'Montana'),
(4824, 204, 'Nebraska'),
(4825, 204, 'Nevada'),
(4826, 204, 'New Hampshire'),
(4827, 204, 'New Jersey'),
(4828, 204, 'New Mexico'),
(4829, 204, 'New York'),
(4830, 204, 'North Carolina'),
(4831, 204, 'North Dakota'),
(4832, 204, 'Ohio'),
(4833, 204, 'Oklahoma'),
(4834, 204, 'Oregon'),
(4835, 204, 'Pennsylvania'),
(4836, 204, 'Rhode Island'),
(4837, 204, 'South Carolina'),
(4838, 204, 'South Dakota'),
(4839, 204, 'Tennessee'),
(4840, 204, 'Texas'),
(4841, 204, 'Utah'),
(4842, 204, 'Vermont'),
(4843, 204, 'Virginia'),
(4844, 204, 'Washington'),
(4845, 204, 'West Virginia'),
(4846, 204, 'Wisconsin'),
(4847, 204, 'Wyoming'),
(4848, 205, ''),
(4849, 205, 'Buenos Aires'),
(4850, 205, ''),
(4851, 205, 'Catamarca'),
(4852, 205, 'Chaco'),
(4853, 205, 'Chubut'),
(4854, 205, 'Cordoba'),
(4855, 205, 'Corrientes'),
(4856, 205, 'Entre Rios'),
(4857, 205, 'Formosa'),
(4858, 205, 'Jujuy'),
(4859, 205, 'La Pampa'),
(4860, 205, 'La Rioja'),
(4861, 205, 'Mendoza'),
(4862, 205, 'Misiones'),
(4863, 205, 'Neuquen'),
(4864, 205, 'Rio Negro'),
(4865, 205, 'Salta'),
(4866, 205, 'San Juan'),
(4867, 205, 'San Luis'),
(4868, 205, 'Santa Cruz'),
(4869, 205, 'Santa Fe'),
(4870, 205, 'Santiago del Estero'),
(4871, 205, 'Tucuman'),
(4872, 206, ''),
(4873, 206, 'La Paz'),
(4874, 206, 'Sucre'),
(4875, 206, ''),
(4876, 206, 'Chuquisaca'),
(4877, 206, 'Cochabamba'),
(4878, 206, 'Beni'),
(4879, 206, 'Oruro'),
(4880, 206, 'Pando'),
(4881, 206, 'Potosi'),
(4882, 206, 'Santa Cruz'),
(4883, 206, 'Tarija'),
(4884, 207, ''),
(4885, 207, 'Brasilia'),
(4886, 207, ''),
(4887, 207, 'Acre'),
(4888, 207, 'Alagoas'),
(4889, 207, 'Amapa'),
(4890, 207, 'Amazonas'),
(4891, 207, 'Bahia'),
(4892, 207, 'Ceara'),
(4893, 207, 'Distrito Federal'),
(4894, 207, 'Espirito Santo'),
(4895, 207, 'Goias'),
(4896, 207, 'Maranhao'),
(4897, 207, 'Mato Grosso'),
(4898, 207, 'Mato Grosso do Sul'),
(4899, 207, 'Minas Gerais'),
(4900, 207, 'Para'),
(4901, 207, 'Paraiba'),
(4902, 207, 'Parana'),
(4903, 207, 'Pernambuco'),
(4904, 207, 'Piaui'),
(4905, 207, 'Rio de Janeiro'),
(4906, 207, 'Rio Grande do Norte'),
(4907, 207, 'Rio Grande do Sul'),
(4908, 207, 'Rondonia'),
(4909, 207, 'Roraima'),
(4910, 207, 'Santa Catarina'),
(4911, 207, 'Sao Paulo'),
(4912, 207, 'Sergipe'),
(4913, 207, 'Tocantins'),
(4914, 208, ''),
(4915, 208, 'Santiago'),
(4916, 208, ''),
(4917, 208, 'Antofagasta'),
(4918, 208, 'Araucania'),
(4919, 208, 'Atacama'),
(4920, 208, 'Bio-Bio'),
(4921, 208, 'Coquimbo'),
(4922, 208, 'Los Lagos'),
(4923, 208, 'Maule'),
(4924, 208, 'Tarapaca'),
(4925, 208, 'Valparaiso'),
(4926, 209, ''),
(4927, 209, 'Bogota'),
(4928, 209, ''),
(4929, 209, 'Amazonas'),
(4930, 209, 'Antioquia'),
(4931, 209, 'Arauca'),
(4932, 209, 'Atlantico'),
(4933, 209, 'Bolivar'),
(4934, 209, 'Boyaca'),
(4935, 209, 'Caldas'),
(4936, 209, 'Caqueta'),
(4937, 209, 'Casanare'),
(4938, 209, 'Cauca'),
(4939, 209, 'Cesar'),
(4940, 209, 'Choco'),
(4941, 209, 'Cordoba'),
(4942, 209, 'Cundinamarca'),
(4943, 209, 'Guainia'),
(4944, 209, 'Guaviare'),
(4945, 209, 'Huila'),
(4946, 209, 'La Guajira'),
(4947, 209, 'Magdalena'),
(4948, 209, 'Meta'),
(4949, 209, 'Narino'),
(4950, 209, 'Norte de Santander'),
(4951, 209, 'Putumayo'),
(4952, 209, 'Quindio'),
(4953, 209, 'Risaralda'),
(4954, 209, 'San Andres/Providencia'),
(4955, 209, 'Santander'),
(4956, 209, 'Sucre'),
(4957, 209, 'Tolima'),
(4958, 209, 'Valle del Cauca'),
(4959, 209, 'Vaupes'),
(4960, 209, 'Vichada'),
(4961, 210, ''),
(4962, 210, 'Quito'),
(4963, 210, ''),
(4964, 210, 'Azuay'),
(4965, 210, 'Bolivar'),
(4966, 210, 'Canar'),
(4967, 210, 'Carchi'),
(4968, 210, 'Chimborazo'),
(4969, 210, 'Cotopaxi'),
(4970, 210, 'El Oro'),
(4971, 210, 'Esmeraldas'),
(4972, 210, 'Galapagos'),
(4973, 210, 'Guayas'),
(4974, 210, 'Imbabura'),
(4975, 210, 'Loja'),
(4976, 210, 'Los Rios'),
(4977, 210, 'Manabi'),
(4978, 210, 'Morona-Santiago'),
(4979, 210, 'Napo'),
(4980, 210, 'Orellana'),
(4981, 210, 'Pastaza'),
(4982, 210, 'Pichincha'),
(4983, 210, 'Sucumbios'),
(4984, 210, 'Tungurahua'),
(4985, 210, 'Zamora-Chinchipe'),
(4986, 211, ''),
(4987, 211, 'Georgetown'),
(4988, 211, ''),
(4989, 211, 'Barima-Waini'),
(4990, 211, 'Cuyuni-Mazaruni'),
(4991, 211, 'Demerara-Mahaica'),
(4992, 211, 'East Berbice-Corentyne'),
(4993, 211, 'Essequibo Islands-West Demerara'),
(4994, 211, 'Mahaica-Berbice'),
(4995, 211, 'Pomeroon-Supenaam'),
(4996, 211, 'Potaro-Siparuni'),
(4997, 211, 'Upper Demerara-Berbice'),
(4998, 211, 'Upper Takutu-Upper Essequibo'),
(4999, 212, ''),
(5000, 212, 'Asuncion'),
(5001, 212, ''),
(5002, 212, 'Alto Paraguay'),
(5003, 212, 'Alto Parana'),
(5004, 212, 'Amambay'),
(5005, 212, 'Boqueron'),
(5006, 212, 'Caaguazu'),
(5007, 212, 'Caazapa'),
(5008, 212, 'Canindeyu'),
(5009, 212, 'Central'),
(5010, 212, 'Concepcion'),
(5011, 212, 'Cordillera'),
(5012, 212, 'Guaira'),
(5013, 212, 'Itapua'),
(5014, 212, 'Misiones'),
(5015, 212, 'Neembucu'),
(5016, 212, 'Paraguari'),
(5017, 212, 'Presidente Hayes'),
(5018, 212, 'San Pedro'),
(5019, 213, ''),
(5020, 213, 'Lima'),
(5021, 213, ''),
(5022, 213, 'Amazonas'),
(5023, 213, 'Ancash'),
(5024, 213, 'Apurimac'),
(5025, 213, 'Arequipa'),
(5026, 213, 'Ayacucho'),
(5027, 213, 'Cajamarca'),
(5028, 213, 'Callao'),
(5029, 213, 'Cusco'),
(5030, 213, 'Huancavelica'),
(5031, 213, 'Huanuco'),
(5032, 213, 'Ica'),
(5033, 213, 'Junin'),
(5034, 213, 'La Libertad'),
(5035, 213, 'Lambayeque'),
(5036, 213, 'Loreto'),
(5037, 213, 'Madre de Dios'),
(5038, 213, 'Moquegua'),
(5039, 213, 'Pasco'),
(5040, 213, 'Piura'),
(5041, 213, 'Puno'),
(5042, 213, 'San Martin'),
(5043, 213, 'Tacna'),
(5044, 213, 'Tumbes'),
(5045, 213, 'Ucayali'),
(5046, 214, ''),
(5047, 214, 'Paramaribo'),
(5048, 214, ''),
(5049, 214, 'Brokopondo'),
(5050, 214, 'Commewijne'),
(5051, 214, 'Coronie'),
(5052, 214, 'Marowijne'),
(5053, 214, 'Nickerie'),
(5054, 214, 'Para'),
(5055, 214, 'Saramacca'),
(5056, 214, 'Sipaliwini'),
(5057, 214, 'Wanica'),
(5058, 215, ''),
(5059, 215, 'Montevideo'),
(5060, 215, ''),
(5061, 215, 'Artigas'),
(5062, 215, 'Canelones'),
(5063, 215, 'Cerro Largo'),
(5064, 215, 'Colonia'),
(5065, 215, 'Durazno'),
(5066, 215, 'Flores'),
(5067, 215, 'Florida'),
(5068, 215, 'Lavalleja'),
(5069, 215, 'Maldonado'),
(5070, 215, 'Paysandu'),
(5071, 215, 'Rio Negro'),
(5072, 215, 'Rivera'),
(5073, 215, 'Rocha'),
(5074, 215, 'Salto'),
(5075, 215, 'San Jose'),
(5076, 215, 'Soriano'),
(5077, 215, 'Tacuarembo'),
(5078, 215, 'Treinta y Tres'),
(5079, 216, ''),
(5080, 216, 'Caracas'),
(5081, 216, ''),
(5082, 216, 'Amazonas'),
(5083, 216, 'Anzoategui'),
(5084, 216, 'Apure'),
(5085, 216, 'Aragua'),
(5086, 216, 'Barinas'),
(5087, 216, 'Bolivar'),
(5088, 216, 'Carabobo'),
(5089, 216, 'Cojedes'),
(5090, 216, 'Delta Amacuro'),
(5091, 216, 'Dependencias Federales'),
(5092, 216, 'Distrito Federal'),
(5093, 216, 'Falcon'),
(5094, 216, 'Guarico'),
(5095, 216, 'Lara'),
(5096, 216, 'Merida'),
(5097, 216, 'Miranda'),
(5098, 216, 'Monagas'),
(5099, 216, 'Nueva Esparta'),
(5100, 216, 'Portuguesa'),
(5101, 216, 'Sucre'),
(5102, 216, 'Tachira'),
(5103, 216, 'Trujillo'),
(5104, 216, 'Vargas'),
(5105, 216, 'Yaracuy'),
(5106, 216, 'Zulia');
